Timestamp,Bearing_1_RMS,Bearing_2_RMS,Bearing_3_RMS,Bearing_4_RMS,Bearing_1_P2P
2004-02-12 10:32:39,0.07417899856512641,0.0909438869642825,0.10940413919879155,0.05410346803954619,0.8400000000000001
2004-02-12 10:42:39,0.0753824568113952,0.09341888819652742,0.10981733168262198,0.05610085870694132,0.757
2004-02-12 10:52:39,0.07622977446919957,0.09371789788917596,0.10986104971344977,0.05614521924911498,0.903
2004-02-12 11:02:39,0.07872367646603015,0.09294709910708425,0.11066653439923892,0.056807430243404976,1.184
2004-02-12 11:12:39,0.0784742907367801,0.09534796855424969,0.10750559987231695,0.05684094146786362,0.782
2004-02-12 11:22:39,0.07831464139380748,0.09240471945595975,0.11051722747318547,0.05556592676089205,0.8049999999999999
2004-02-12 11:32:39,0.07863244325857206,0.0939184853198023,0.10738791213109324,0.05627907668624461,0.796
2004-02-12 11:42:39,0.07777288022464862,0.09324051612714591,0.10623263552959085,0.055504684223073274,0.749
2004-02-12 11:52:39,0.07902942984262298,0.09585924383650529,0.11058641872246237,0.055855098612531094,0.747
2004-02-12 12:02:39,0.07571755989830327,0.09474187125009226,0.10977074854590645,0.055459613243979744,0.722
2004-02-12 12:12:39,0.07924111648011849,0.0951461052679329,0.10602371468766919,0.05552349455199629,0.815
2004-02-12 12:22:39,0.07763890808626901,0.0933290672562529,0.10460412281438064,0.05477416302917673,0.913
2004-02-12 12:32:39,0.07740458087623138,0.09438051851622221,0.10442234914975573,0.05468983164672233,0.778
2004-02-12 12:42:39,0.07986468720103294,0.09484019788447272,0.10489408069125206,0.05625401678366459,0.852
2004-02-12 12:52:39,0.07921698007145116,0.09478245161825034,0.10366273438415727,0.05563200491356644,0.8049999999999999
2004-02-12 13:02:39,0.07866177721938732,0.09463108158297018,0.10472389176238493,0.05632287423515731,0.725
2004-02-12 13:12:39,0.07845338360094839,0.09569390236174437,0.10870793053019033,0.05617960656109417,0.8200000000000001
2004-02-12 13:22:39,0.07762277416041902,0.0929425740460897,0.10421540638377214,0.05482994306261813,0.849
2004-02-12 13:32:39,0.07782555832949042,0.0949667977546973,0.10522980038312468,0.05562626534726498,0.761
2004-02-12 13:42:39,0.0789331606338952,0.09547548411192541,0.10676083037492833,0.05476391892848974,0.874
2004-02-12 13:52:39,0.0790285478605875,0.09566555793288244,0.10561785917985052,0.055347013420158395,0.8029999999999999
2004-02-12 14:02:39,0.07936328499916957,0.09608866576997219,0.10640429169453622,0.05524700925163242,0.742
2004-02-12 14:12:39,0.07948672040475169,0.09433478732477057,0.10652850378720778,0.05475291177331302,0.6859999999999999
2004-02-12 14:22:39,0.07975294340914277,0.09627197243113718,0.10519049149972436,0.056647611207081776,0.759
2004-02-12 14:32:39,0.07938138784581789,0.0967415088328185,0.10800230439165011,0.056104046321738946,0.85
2004-02-12 14:42:39,0.07759187944533502,0.09475114455525896,0.10659309792566811,0.055499780932844175,0.7130000000000001
2004-02-12 14:52:39,0.07774099563514603,0.09624643586136536,0.10562862258026245,0.055218083700705085,0.732
2004-02-12 15:02:39,0.07751394405806944,0.09513670186114277,0.10745514484796559,0.05549451030352529,0.769
2004-02-12 15:12:39,0.07827954401833741,0.09468349104549768,0.10655456096709834,0.05516388093458955,0.735
2004-02-12 15:22:39,0.07886118143611615,0.09587704859488486,0.10490864841241249,0.055247361892616226,0.871
2004-02-12 15:32:39,0.07858236746600702,0.09492215432057828,0.10487340000828278,0.05443486646901926,0.803
2004-02-12 15:42:39,0.08023091764702943,0.09489323050309148,0.1049042615986735,0.05680913167270027,0.774
2004-02-12 15:52:39,0.07742107025313374,0.09549172595865457,0.10425167981448065,0.05539167312125359,0.732
2004-02-12 16:02:39,0.0790161246152887,0.09626068173276457,0.1067292061129495,0.05598183778788735,0.74
2004-02-12 16:12:39,0.07823475415576206,0.09785277450596878,0.10813122588650873,0.055585318096513216,0.6619999999999999
2004-02-12 16:22:39,0.07812870584960675,0.09525619930408549,0.10287416843528008,0.05562761229820978,0.71
2004-02-12 16:32:39,0.07686189103169928,0.09595532942020954,0.10628541643186101,0.05564014672639117,0.76
2004-02-12 16:42:39,0.07986518700725126,0.09652050689855217,0.1049208695502848,0.056467078091601904,0.8089999999999999
2004-02-12 16:52:39,0.07742917473155342,0.09548428550969643,0.1074529498235469,0.05610140094061788,0.734
2004-02-12 17:02:39,0.07846125605145453,0.09679553772280629,0.10680194140323672,0.05663766457780617,0.896
2004-02-12 17:12:39,0.07859596045599299,0.09723323431558299,0.10717779907814311,0.05633138860170973,0.725
2004-02-12 17:22:39,0.07866142681365153,0.09511981727627636,0.10526330592480497,0.05577357396414849,0.747
2004-02-12 17:32:39,0.07762854039078118,0.09504406769855635,0.10299200728432031,0.05507993835667354,0.779
2004-02-12 17:42:39,0.07820874324224428,0.09458627272644557,0.10185255408401858,0.055519513742916915,0.749
2004-02-12 17:52:39,0.07808856431612242,0.09683363683481375,0.10702843632250753,0.05538090932069872,0.913
2004-02-12 18:02:39,0.0764822624835942,0.09473453349195213,0.10497783178374358,0.05583572620027841,0.705
2004-02-12 18:12:39,0.078913275367944,0.09578614613301834,0.1070484279098443,0.05600931972881226,0.6890000000000001
2004-02-12 18:22:39,0.07732266473953085,0.09449837005662916,0.1065838058337946,0.05572195158707044,0.752
2004-02-12 18:32:39,0.07824754763529387,0.09602726841526432,0.10460732050820673,0.05622907119333898,0.764
2004-02-12 18:42:39,0.07696982655053072,0.09471815381493548,0.1027216425094738,0.05521778304543819,0.771
2004-02-12 18:52:39,0.07847964256337464,0.09655180007465747,0.10489837995502073,0.056001716805435454,0.792
2004-02-12 19:02:39,0.0785395635148899,0.09610998440101279,0.10347393028220779,0.056238176274689786,0.8300000000000001
2004-02-12 19:12:39,0.07938090836770104,0.09549046551308935,0.10423558358241206,0.05526933697245678,0.9930000000000001
2004-02-12 19:22:39,0.07691333012919492,0.09580923148575476,0.10317487714282908,0.05730723675737278,0.738
2004-02-12 19:32:39,0.07662792325938945,0.09407310493582058,0.10526469334046872,0.055081842073153524,0.793
2004-02-12 19:42:39,0.07833920727505732,0.09632820331505498,0.10513800152768175,0.05642163657869808,0.7909999999999999
2004-02-12 19:52:39,0.07738031364276804,0.09575426592773649,0.10447311397182084,0.055213429992733196,0.813
2004-02-12 20:02:39,0.07742347280137367,0.09501210500592328,0.10305813220353695,0.054330498582028756,0.835
2004-02-12 20:12:39,0.07599751100981866,0.09407815562198622,0.10219023983330217,0.05411561290927813,0.694
2004-02-12 20:22:39,0.078128858967194,0.09716200454371812,0.1054743924416628,0.05424477671427181,0.737
2004-02-12 20:32:39,0.07866328497045989,0.09569291756789806,0.10591002870213873,0.05593206371977596,0.7789999999999999
2004-02-12 20:42:39,0.077126326340905,0.09561720582002192,0.10459687962153989,0.054547167716200794,0.669
2004-02-12 20:52:39,0.07930147000233549,0.09522501953637734,0.10423843189339559,0.056777042187236136,0.777
2004-02-12 21:02:39,0.07694261984132658,0.09602583651964275,0.10216575982426336,0.05560206558452285,0.7689999999999999
2004-02-12 21:12:39,0.07719940160015436,0.09451992752440676,0.10593771847322793,0.0551513396362393,0.774
2004-02-12 21:22:39,0.07699636792620938,0.09572027040296091,0.10207879563150496,0.055701137762588136,0.752
2004-02-12 21:32:39,0.07744607215215601,0.09550188101469002,0.10481296725820267,0.05532484281425322,0.8420000000000001
2004-02-12 21:42:39,0.07664165646604604,0.09583315732547423,0.10463893183078593,0.05503973396059507,0.7130000000000001
2004-02-12 21:52:39,0.07695564843578352,0.09564606079349437,0.10402389181510072,0.05443408158756072,0.755
2004-02-12 22:02:39,0.07732470598877213,0.09598725018077119,0.10383587772034031,0.05588791360141031,0.825
2004-02-12 22:12:39,0.07577292447823572,0.09416002860199459,0.10348127354555357,0.055409366099626475,0.861
2004-02-12 22:22:39,0.076689131247932,0.09648240964597671,0.10606608369940206,0.055797829731400024,0.74
2004-02-12 22:32:39,0.07740031675131026,0.0959002057499926,0.10387668470354847,0.056819193517270994,0.8029999999999999
2004-02-12 22:42:39,0.07795509180220801,0.09790498622708331,0.10422949719699254,0.055704965783048316,0.781
2004-02-12 22:52:39,0.0788204118500962,0.09693822357281717,0.10619415559079058,0.056413775034754,0.769
2004-02-12 23:02:39,0.0775606227109642,0.09489379780221921,0.10220089146772296,0.056215295283651025,0.7250000000000001
2004-02-12 23:12:39,0.07689052656974031,0.09670710046966716,0.10418745828958535,0.05564554746900216,0.694
2004-02-12 23:22:39,0.07824627430976765,0.0955982226090838,0.10377113842452645,0.05519700778093598,0.854
2004-02-12 23:32:39,0.07672532972039393,0.09450450577262653,0.09953857263094865,0.05522377771395156,0.808
2004-02-12 23:42:39,0.07738254866499705,0.09595587975405873,0.1057414015139813,0.05620466054685728,0.786
2004-02-12 23:52:39,0.07699061808712485,0.09424114420845624,0.10561282636023572,0.05455679245992737,0.71
2004-02-13 00:02:39,0.0748226248892174,0.09448214633761653,0.10245075608249736,0.055754784513023466,0.706
2004-02-13 00:12:39,0.07733855853789091,0.0954862189929966,0.1034476500873468,0.0555373119405151,0.904
2004-02-13 00:22:39,0.07679397533945986,0.09368308262810005,0.10128302702082088,0.05609135440566972,0.716
2004-02-13 00:32:39,0.07772176530891714,0.09635350841554603,0.1010585673419303,0.05488653290325938,0.754
2004-02-13 00:42:39,0.07735897861441579,0.09491967847253002,0.10194069320757565,0.05616129290100462,0.781
2004-02-13 00:52:39,0.07689176995692967,0.09394709386305075,0.10363333401913812,0.054951646891550944,0.755
2004-02-13 01:02:39,0.0749221806563112,0.09389310406113238,0.1017541787379041,0.05583270604630486,0.718
2004-02-13 01:12:39,0.07763068115281517,0.09586104343495248,0.10566284455166991,0.05661472683782736,0.872
2004-02-13 01:22:39,0.07778453061583009,0.09530793073064027,0.10530207408518154,0.0553974524177326,0.721
2004-02-13 01:32:39,0.07858931119423572,0.09548303902886517,0.10338539402287956,0.05485031433293548,0.771
2004-02-13 01:42:39,0.0759905331788938,0.09467675011173056,0.10455251371918543,0.055611718042097066,0.732
2004-02-13 01:52:39,0.07671097179256321,0.09500798100727346,0.10487199926800825,0.055003622483688216,0.718
2004-02-13 02:02:39,0.075044292910504,0.09449653210609578,0.1029087780588366,0.05551554144378691,0.767
2004-02-13 02:12:39,0.07824627774193993,0.09567113776663708,0.10565779770014186,0.0553162516383066,0.755
2004-02-13 02:22:39,0.07745035456261667,0.095634003354751,0.10208588363098552,0.05538226708805311,0.764
2004-02-13 02:32:39,0.07831602988602905,0.09562300140885471,0.10310756836574718,0.05605890674451806,0.845
2004-02-13 02:42:39,0.07656014919860425,0.09620746675885702,0.1019896929152052,0.05601958667998921,0.8029999999999999
2004-02-13 02:52:39,0.07768020380058246,0.09490291245778004,0.10168318334607246,0.05639963084431457,0.759
2004-02-13 03:02:39,0.07571563009461801,0.09529101320306121,0.1033623894118274,0.055872414125006264,0.774
2004-02-13 03:12:39,0.07794620572117775,0.09486180043432099,0.10258438813705287,0.055365692996091447,0.749
2004-02-13 03:22:39,0.07659392690463071,0.09515260563628994,0.10230512391325577,0.055782011987092005,0.75
2004-02-13 03:32:39,0.07639991985536554,0.09551578551843372,0.1041770168035084,0.05527658791816778,0.867
2004-02-13 03:42:39,0.07663180186215558,0.09610698816334054,0.10123237139165779,0.05555543534600664,0.7010000000000001
2004-02-13 03:52:39,0.0772828175386921,0.09580634076949693,0.10167501123755343,0.055866233844643017,0.833
2004-02-13 04:02:39,0.0776406155665123,0.0966004865614382,0.1027135851112532,0.05617388774210353,0.7889999999999999
2004-02-13 04:12:39,0.07682055045790995,0.09464472244308408,0.10258394761654548,0.05530566562650329,0.8029999999999999
2004-02-13 04:22:39,0.07606189688801596,0.09551085661048726,0.10470310891098436,0.05497310999266445,0.786
2004-02-13 04:32:39,0.07604057915175556,0.09500819480486102,0.10239258758419907,0.05516107671869351,0.708
2004-02-13 04:42:39,0.07735977517064786,0.09458604403696577,0.10367835958431317,0.05687269998783423,0.745
2004-02-13 04:52:39,0.07650372776099303,0.09552759745225628,0.10322528480865803,0.055590563427504944,0.6950000000000001
2004-02-13 05:02:39,0.07627544849405174,0.09331640930776354,0.10318267350349343,0.054774423776065104,0.718
2004-02-13 05:12:39,0.07797731008871693,0.09652016492074854,0.1051677707749197,0.05662487194728866,0.766
2004-02-13 05:22:39,0.07606533254021265,0.09496543496394338,0.10219368291692671,0.055369776136218456,0.782
2004-02-13 05:32:39,0.07680503453601302,0.09611660500565347,0.10160464438088458,0.05474683299202071,0.726
2004-02-13 05:42:39,0.07551238321978239,0.09407176371534647,0.10373754066754429,0.055646523662337403,0.7569999999999999
2004-02-13 05:52:39,0.07894839654107169,0.09537669789814203,0.10380714187896,0.056143529009221795,0.896
2004-02-13 06:02:39,0.07721538210988149,0.09530873020208946,0.1044857921524224,0.05524544752878919,0.766
2004-02-13 06:12:39,0.07775822278664521,0.09702652866935603,0.10288462729292218,0.056506627705158026,0.776
2004-02-13 06:22:39,0.07727334295376394,0.09528412051883166,0.10402577688178881,0.05557835957217809,0.825
2004-02-13 06:32:39,0.07669008183816074,0.09601223015764236,0.1013899327203229,0.05568775077103994,0.832
2004-02-13 06:42:39,0.07812782526141487,0.09597257756532128,0.10448688894276567,0.05459995135071059,0.788
2004-02-13 06:52:39,0.077818367625155,0.0946663649576615,0.10552136627354113,0.05572083475488508,0.798
2004-02-13 07:02:39,0.07918462868462497,0.09617966687565922,0.10231952408883646,0.055697047354274894,0.74
2004-02-13 07:12:39,0.07639264641168847,0.09382379959847123,0.10248658806118138,0.05455709854778835,0.708
2004-02-13 07:22:39,0.07713871940374721,0.09697441421178622,0.10336590894880603,0.05498807976294116,0.784
2004-02-13 07:32:39,0.07619743481420893,0.09470764353599438,0.1016678259144567,0.05401776237816323,0.752
2004-02-13 07:42:39,0.07634856558440943,0.09469827341763709,0.1022864579620503,0.05547390116926555,0.73
2004-02-13 07:52:39,0.07635209961248231,0.09508725639182823,0.10461731602607885,0.05575763330589781,0.72
2004-02-13 08:02:39,0.07497011253451283,0.0942338454428843,0.10142742243340665,0.05508732148399686,0.6839999999999999
2004-02-13 08:12:39,0.07599478131496534,0.09625249185086222,0.10460119973656343,0.05510691800590299,0.662
2004-02-13 08:22:39,0.07637512818371019,0.09520744774159755,0.10565800912651391,0.05533714846285405,0.884
2004-02-13 08:32:39,0.07615866423902062,0.09425926264166458,0.10217507402470298,0.05487514904236548,0.711
2004-02-13 08:42:39,0.07675040716504411,0.09500282505051337,0.10593586397151356,0.05482591902088209,0.757
2004-02-13 08:52:39,0.07775600390052324,0.09593354913485548,0.10356373316065938,0.05550670708346838,0.7929999999999999
2004-02-13 09:02:39,0.07829207447616443,0.09507793729439327,0.10464480146025729,0.05489470923105837,0.752
2004-02-13 09:12:39,0.07771044198155609,0.09657091412572658,0.10468037032625076,0.05597732564465795,0.767
2004-02-13 09:22:39,0.07647514372279338,0.09609366412597972,0.10254623457060558,0.055534904652529846,0.71
2004-02-13 09:32:39,0.07780436422076141,0.09666202319688953,0.10351844713134364,0.05620596540292626,0.827
2004-02-13 09:42:39,0.07521345503538188,0.09516606527785589,0.10022655634938585,0.053680004387981504,0.6559999999999999
2004-02-13 09:52:39,0.07678708292099426,0.09511548798533156,0.10037624483583828,0.05532723276603335,0.698
2004-02-13 10:02:39,0.07742113016796144,0.09544300798611591,0.10390878897274088,0.055261499262879356,0.825
2004-02-13 10:12:39,0.07658231248752899,0.09500000000000172,0.10404080549949993,0.05576528789474975,0.915
2004-02-13 10:22:39,0.07677764732593888,0.09611532633785091,0.10444860919558022,0.054973674008422624,0.679
2004-02-13 10:32:39,0.07591135480982131,0.0946116184705114,0.10321463386812758,0.05557025220104236,0.751
2004-02-13 10:42:39,0.07588479877779812,0.0965274878374211,0.10802627537722179,0.05481599012548673,0.7809999999999999
2004-02-13 10:52:39,0.07605698161986857,0.09558710850580397,0.10296203601024698,0.055168934890507754,0.725
2004-02-13 11:02:39,0.07562556107746442,0.09549851699396836,0.1020346649505104,0.056758812039546504,0.8180000000000001
2004-02-13 11:12:39,0.07621096753266983,0.0941355405784678,0.10170933688204226,0.05505207362622077,0.681
2004-02-13 11:22:39,0.07680135350624127,0.0957995881201201,0.10260619260901958,0.054917666979618945,0.735
2004-02-13 11:32:39,0.07515800641138932,0.09452217983346063,0.10095040455435436,0.05509826626412531,0.7450000000000001
2004-02-13 11:42:39,0.07893970887151004,0.0949318140372688,0.10437411068109344,0.05599761391052138,0.913
2004-02-13 11:52:39,0.0769239827433144,0.09592588437418272,0.10291636423496593,0.05503287902188521,0.757
2004-02-13 12:02:39,0.07649164163641925,0.09518267746729993,0.10465837561293363,0.056423895266377956,0.742
2004-02-13 12:12:39,0.07650745183017747,0.09510318871576572,0.10170665466682101,0.0551018729831387,0.662
2004-02-13 12:22:39,0.07739848852135692,0.09452516044435767,0.10077308881684574,0.05473563595821248,0.725
2004-02-13 12:32:39,0.07848006315300732,0.09692432590001442,0.10538007591756157,0.05615538570564671,0.877
2004-02-13 12:42:39,0.07904600278724205,0.0957656612008432,0.10061651531581307,0.055343660008396106,0.813
2004-02-13 12:52:39,0.07668485440118698,0.09408924687207064,0.10269534976463966,0.054693135423926356,0.7030000000000001
2004-02-13 13:02:39,0.07731124506358215,0.09481113318889747,0.10340249643761815,0.05505879137624123,0.786
2004-02-13 13:12:39,0.07651273988842912,0.09443133692042299,0.10122243500161732,0.05585318060059851,0.6739999999999999
2004-02-13 13:22:39,0.07853164575357935,0.09606610145941022,0.10232275977498421,0.055572755925649565,0.756
2004-02-13 13:32:39,0.07695335881944197,0.09450489921989666,0.10002340399954725,0.05550622633641485,0.7769999999999999
2004-02-13 13:42:39,0.07736240147584228,0.09587885651671804,0.10394486805852189,0.05514142284772702,0.81
2004-02-13 13:52:39,0.07617467014102394,0.09489189186952972,0.09933450236134127,0.05465509218327649,0.666
2004-02-13 14:02:39,0.07762221305131935,0.09509419749114412,0.10153087608618633,0.053915789463899966,0.756
2004-02-13 14:12:39,0.07725341473288183,0.09588958366715179,0.10304465454393313,0.05518866522693936,0.786
2004-02-13 14:22:39,0.0776863661421684,0.09575830832508286,0.10352678312504063,0.05521167054575584,0.8300000000000001
2004-02-13 14:32:39,0.07781753999741978,0.09560314292689494,0.10103234828702616,0.05573599661223739,0.7350000000000001
2004-02-13 14:42:39,0.0772822912384369,0.09652805792512965,0.1022726709280166,0.05665837566682519,0.703
2004-02-13 14:52:39,0.07638785118455535,0.09395474829173245,0.09972247133451352,0.05431759676531474,0.8280000000000001
2004-02-13 15:02:39,0.07818466596582457,0.09490419717075378,0.10169341226282382,0.05489732159193839,0.874
2004-02-13 15:12:39,0.0761614441576045,0.09486057743020004,0.09985194899825596,0.05485615422402457,0.6779999999999999
2004-02-13 15:22:39,0.07534258573084264,0.09467754021463598,0.09976628621550877,0.05431627576058536,0.7010000000000001
2004-02-13 15:32:39,0.07689426810105475,0.09479974782403336,0.09951103258166481,0.05551248583863188,0.715
2004-02-13 15:42:39,0.07548419678875704,0.09548500705485653,0.10092784009504192,0.05535952538435653,0.671
2004-02-13 15:52:39,0.07826301839839925,0.09535538968405097,0.10040340166750626,0.055568271634989355,0.972
2004-02-13 16:02:39,0.07547406975298301,0.09471481170672803,0.10021236386341799,0.055283416612431795,0.757
2004-02-13 16:12:39,0.07556067544581753,0.09443574462713562,0.10005562515421274,0.05591872240694463,0.771
2004-02-13 16:22:39,0.0766782479647096,0.09432491065212603,0.09797129507260534,0.055219781045835054,0.745
2004-02-13 16:32:39,0.07675079237935858,0.09478928496893602,0.10006631297388639,0.05488053209230333,0.887
2004-02-13 16:42:39,0.07611983831535825,0.09478534007619348,0.10237675803588389,0.055167368744745246,0.722
2004-02-13 16:52:39,0.07516506282789828,0.09386662277452028,0.09956438518303312,0.054321442733279504,0.669
2004-02-13 17:02:39,0.07809152470318895,0.09516678205261718,0.10186840781010562,0.05581838399835166,0.656
2004-02-13 17:12:39,0.07635685583884254,0.09506952919237426,0.10281443268510378,0.05488953617622004,0.8049999999999999
2004-02-13 17:22:39,0.0778680606107618,0.09547586205096713,0.10096733885581705,0.05552793893125391,0.755
2004-02-13 17:32:39,0.07661025105301685,0.09538618693607324,0.1051055027066576,0.0555255264003071,0.745
2004-02-13 17:42:39,0.07899964213229876,0.09593875762612379,0.10204154810204977,0.05757710862400053,0.8180000000000001
2004-02-13 17:52:39,0.07538985427067182,0.09451321806325397,0.09965394395066497,0.05471230107271899,0.781
2004-02-13 18:02:39,0.07723122433134673,0.09503200838237519,0.10023364794163625,0.055975216858389215,0.7030000000000001
2004-02-13 18:12:39,0.07531071120800983,0.0945542503010855,0.09933679813085892,0.053784811583115356,0.7230000000000001
2004-02-13 18:22:39,0.07813312239027165,0.09418798367908449,0.1022812347234961,0.05651597706898856,0.872
2004-02-13 18:32:39,0.07744816468381059,0.09501065498430807,0.09963116305827303,0.05601825438389431,0.6890000000000001
2004-02-13 18:42:39,0.07761624000742784,0.0948379582766227,0.09903094972737889,0.05570863708702358,0.83
2004-02-13 18:52:39,0.0777373661484821,0.09501824608907539,0.10395087786914511,0.05623859997326635,0.752
2004-02-13 19:02:39,0.076578403322796,0.09577276751794955,0.10120398887040796,0.055866290655820064,0.798
2004-02-13 19:12:39,0.07618282421306119,0.095267162629056,0.10419492348516063,0.05430478584457327,0.793
2004-02-13 19:22:39,0.07527411495867965,0.09303656219087812,0.10085776359092447,0.054122812726445056,0.874
2004-02-13 19:32:39,0.07653573894552493,0.09568953628018015,0.10103342578078023,0.05562349541504424,0.754
2004-02-13 19:42:39,0.07660493658109617,0.09420082800110612,0.10042841020434515,0.05560232376621567,0.7030000000000001
2004-02-13 19:52:39,0.0786412688727867,0.09552426730696026,0.10402203323545381,0.055459913908887555,0.791
2004-02-13 20:02:39,0.07702684539892171,0.09422882642013468,0.09987529651278106,0.05557175119833769,0.845
2004-02-13 20:12:39,0.07654619086497723,0.09573251079464717,0.1017431165611636,0.05471752479353568,0.833
2004-02-13 20:22:39,0.07741179487861136,0.09523919414591249,0.10279003102692438,0.05585638234990425,0.7030000000000001
2004-02-13 20:32:39,0.07589032163569234,0.0935310001980475,0.10045302729813445,0.05582049346104287,0.847
2004-02-13 20:42:39,0.07564360372930597,0.0943275190990168,0.10020431934420158,0.05488329548274979,0.903
2004-02-13 20:52:39,0.07589364120524611,0.09384380957582342,0.10110096573939271,0.055270152839682264,0.74
2004-02-13 21:02:39,0.07722140418091299,0.09548381760187682,0.09945168523113547,0.0559609382634716,0.742
2004-02-13 21:12:39,0.07669429791080465,0.09519420476633039,0.10008886651956948,0.05650476810287183,0.733
2004-02-13 21:22:39,0.0766944507088438,0.09289969362797791,0.09772201710440387,0.05461590492075026,0.869
2004-02-13 21:32:39,0.07644350191072481,0.09317198479156877,0.10003783171099781,0.05450970159851678,0.735
2004-02-13 21:42:39,0.0780629960202417,0.0952471469081406,0.10247992157575178,0.056408053554960785,0.7150000000000001
2004-02-13 21:52:39,0.07733820308392252,0.09505617222940628,0.10328853156064073,0.05579931342683515,0.73
2004-02-13 22:02:39,0.07694966711774177,0.0937969577710798,0.1028168012968048,0.054156439789771006,0.747
2004-02-13 22:12:39,0.07891612654772735,0.09599882557468634,0.10389069972925741,0.056267174027551846,0.8029999999999999
2004-02-13 22:22:39,0.07747811939105835,0.0939925079606596,0.10120123343338241,0.056236798364010035,0.728
2004-02-13 22:32:39,0.07688436331443275,0.09496587046268083,0.09959804788538028,0.05651059384572782,0.749
2004-02-13 22:42:39,0.07743250463104968,0.09520957634468646,0.10295567514674585,0.05545814071075318,0.642
2004-02-13 22:52:39,0.07765237980798648,0.09421586205151256,0.0991946668606436,0.05564446113215084,0.8009999999999999
2004-02-13 23:02:39,0.07845143800466668,0.09544411072184993,0.10119123704688322,0.05586700516069341,0.713
2004-02-13 23:12:39,0.07746541157338803,0.09419769794866775,0.09851759985134169,0.05527952760177087,0.916
2004-02-13 23:22:39,0.07702369416543632,0.09446850577829988,0.10045396931516576,0.05532875246749496,0.796
2004-02-13 23:32:39,0.0760276339435003,0.09413279505819998,0.1016968493608443,0.054797026928075254,0.679
2004-02-13 23:42:39,0.077402107718698,0.09380899055519498,0.10079850724341277,0.05444512629559883,0.728
2004-02-13 23:52:39,0.07756348867470228,0.09361762242503224,0.10148617516686896,0.05509063687673545,0.754
2004-02-14 00:02:39,0.07700327870708283,0.09373892642934066,0.10068791632634448,0.05534459917826744,0.743
2004-02-14 00:12:39,0.07633698995347071,0.09396613549114918,0.10128087034216307,0.05468850534790148,0.733
2004-02-14 00:22:39,0.0764212568340364,0.09438284709719337,0.10155636784372392,0.05616473050878945,0.845
2004-02-14 00:32:39,0.07821621550028811,0.0950372141337949,0.0999902946950529,0.05540356380967256,0.782
2004-02-14 00:42:39,0.07762020636114599,0.09529924959125612,0.10255527044522916,0.05596022801187083,0.73
2004-02-14 00:52:39,0.07717074242436796,0.09463949897175758,0.09903783506033366,0.056053931723998564,0.84
2004-02-14 01:02:39,0.07785537630209399,0.09409720705207072,0.10204391503516287,0.0570405480434199,0.8300000000000001
2004-02-14 01:12:39,0.07614514595135514,0.09427812132279967,0.09697711931132108,0.054943742534978,0.7110000000000001
2004-02-14 01:22:39,0.07811579383257802,0.09522169983328878,0.101110398551845,0.05743793822942133,0.784
2004-02-14 01:32:39,0.07646615334526731,0.09459670125682072,0.10008750712267539,0.05453511716230391,0.737
2004-02-14 01:42:39,0.0778473340704423,0.09450114680810619,0.09868731099570424,0.05542735250983882,0.725
2004-02-14 01:52:39,0.07809616123978612,0.09427694020850716,0.10406754539195506,0.055182229628720346,0.735
2004-02-14 02:02:39,0.07853328688166263,0.09492064505376135,0.09947166559307098,0.055563213578094586,0.659
2004-02-14 02:12:39,0.07740059716440362,0.09459994946855646,0.10126020926538302,0.05634255449716117,0.878
2004-02-14 02:22:39,0.07708260173498556,0.0938101989016601,0.10070855929868111,0.055139843080315665,0.8300000000000001
2004-02-14 02:32:39,0.0778543530765545,0.0941355595110236,0.09942919267231894,0.054930146958858866,0.749
2004-02-14 02:42:39,0.0761950705067678,0.09280204486567238,0.10047741530477636,0.055081663006932825,0.742
2004-02-14 02:52:39,0.07689889872423417,0.09459596390290183,0.10390968274404994,0.05673480316899824,0.796
2004-02-14 03:02:39,0.07566271754419004,0.09305063095903938,0.09844082534065991,0.055103625302554485,0.755
2004-02-14 03:12:39,0.07709097519834127,0.0959029111100145,0.09896945329518207,0.055315048052185345,0.779
2004-02-14 03:22:39,0.07812214182271753,0.0945904096907771,0.10239033767890607,0.05617125738533866,0.823
2004-02-14 03:32:39,0.07616692644182115,0.09520543243552188,0.10422266343852049,0.05615095403171542,0.774
2004-02-14 03:42:39,0.07731350987113318,0.09502158857292448,0.09943465878247836,0.056172031901727544,0.755
2004-02-14 03:52:39,0.07587677323658978,0.0941202472758435,0.10432744425605564,0.05629375902076052,0.767
2004-02-14 04:02:39,0.0762042431228202,0.09550527738199996,0.10104548161827487,0.055938804541352,0.71
2004-02-14 04:12:39,0.07576237683798362,0.09419875306035268,0.09834018130838439,0.05528627114703697,0.659
2004-02-14 04:22:39,0.07609244608739131,0.09577041078554267,0.09928421437776361,0.05583251758188235,0.76
2004-02-14 04:32:39,0.07861822245728912,0.09450039759961186,0.10032762420058952,0.055302193160482654,0.754
2004-02-14 04:42:39,0.07654723636116,0.09409441500720013,0.1003038501430328,0.05546258988681533,0.764
2004-02-14 04:52:39,0.0765500541542307,0.09394463000012111,0.10169832816311303,0.05578784974963144,0.782
2004-02-14 05:02:39,0.07695157390568799,0.09543326237931779,0.10073836175607198,0.0560300020775696,0.7809999999999999
2004-02-14 05:12:39,0.07666247331291355,0.0949087269700655,0.10025412412612855,0.0553492846434969,0.762
2004-02-14 05:22:39,0.07718117604407758,0.09515301692988852,0.100252400220645,0.056268787661044276,0.771
2004-02-14 05:32:39,0.07548532620752377,0.09341241720189208,0.09896306055046994,0.054865362550633484,0.757
2004-02-14 05:42:39,0.07848934759282244,0.09571192714624006,0.10216058251175422,0.055075767680049986,0.708
2004-02-14 05:52:39,0.07744872989093343,0.09472545830542208,0.10029936659547536,0.055770918160811686,0.8109999999999999
2004-02-14 06:02:39,0.0774396340631084,0.09494357776587485,0.09945260064669474,0.05523485236710224,0.81
2004-02-14 06:12:39,0.07724679940022235,0.09369090689686257,0.10090927551402808,0.05575452966463748,0.7829999999999999
2004-02-14 06:22:39,0.0756460588577034,0.09314865025818779,0.10088842339242761,0.054460018842667636,0.732
2004-02-14 06:32:39,0.07614973556462655,0.09453369263373243,0.10165138322196046,0.05499271880070779,0.737
2004-02-14 06:42:39,0.07858716579030693,0.09375010078119712,0.10133247846276444,0.05565673471504209,0.872
2004-02-14 06:52:39,0.07790162973915019,0.09488555658084429,0.09889258594398158,0.05504605138824645,0.703
2004-02-14 07:02:39,0.07770594612061595,0.09507744068159828,0.10142396633570423,0.056317706213970344,0.784
2004-02-14 07:12:39,0.07785898335492525,0.09425419679399712,0.10268822347394431,0.055389360440430656,0.7789999999999999
2004-02-14 07:22:39,0.07571334102894713,0.09444405792915378,0.10087940375301045,0.055148800842583466,0.7030000000000001
2004-02-14 07:32:39,0.07639177457459836,0.09389222415013812,0.0998985300622291,0.056141064220379906,0.8180000000000001
2004-02-14 07:42:39,0.07736211145685293,0.0942784525293473,0.0999741121276076,0.05443958987090603,0.838
2004-02-14 07:52:39,0.07842339670271023,0.09404292544456566,0.09901500142813179,0.056630709045810065,0.73
2004-02-14 08:02:39,0.07628107301034374,0.09452682298518353,0.10008389620362133,0.0552273713735144,0.8180000000000001
2004-02-14 08:12:39,0.07822402755118227,0.09443866747293035,0.10167105520647078,0.05559588379477242,0.696
2004-02-14 08:22:39,0.07825938535718505,0.09436198534019972,0.10031528714975514,0.05636106439802278,0.874
2004-02-14 08:32:39,0.0788327981147046,0.0943686085377127,0.10099276060843576,0.055771769590027186,0.833
2004-02-14 08:42:39,0.07697529154093861,0.09407640262706865,0.09826073489184137,0.05524049868812241,0.817
2004-02-14 08:52:39,0.07868750124106445,0.09373565749664538,0.09890446088429382,0.05566109696047777,0.808
2004-02-14 09:02:39,0.07629050409864281,0.09352465495250259,0.09682866684333008,0.055203802536175565,0.794
2004-02-14 09:12:39,0.07758280543534621,0.09465328177089406,0.09910021709029736,0.05532108822803761,0.679
2004-02-14 09:22:39,0.07689642263755281,0.09291993098479483,0.10011307669330892,0.055228295722731316,0.717
2004-02-14 09:32:39,0.07679911555734642,0.09183688808791488,0.09979430015662395,0.05476367106000761,0.6759999999999999
2004-02-14 09:42:39,0.07762733365050957,0.09342349550150168,0.10223412043373659,0.05500264819618876,0.8160000000000001
2004-02-14 09:52:39,0.07806387515051817,0.09442532753699677,0.0997927114267702,0.05589774075823587,0.681
2004-02-14 10:02:39,0.07614604337636337,0.09296796795889699,0.09868838316973566,0.05512265531436406,0.7030000000000001
2004-02-14 10:12:39,0.07774952930173036,0.09508809546119747,0.10004677177684995,0.054828519074530846,0.781
2004-02-14 10:22:39,0.07605541128636129,0.09306987750937291,0.09876208267654991,0.05486220086712108,0.727
2004-02-14 10:32:39,0.0769188978450884,0.09523501025218983,0.10107202263616813,0.05577488978095862,0.7
2004-02-14 10:42:39,0.07625929630830305,0.093594018154876,0.09769461621353429,0.05508051856501147,0.749
2004-02-14 10:52:39,0.07750343899879965,0.09587588666881587,0.0989692487949241,0.056071708326118706,0.755
2004-02-14 11:02:39,0.07689420523568836,0.09294755273052681,0.10172290530107271,0.05574763999699299,0.7689999999999999
2004-02-14 11:12:39,0.07765448690151493,0.09458284852115265,0.10334731623722938,0.05678975325020095,0.7230000000000001
2004-02-14 11:22:39,0.07698864186724248,0.09405298721623456,0.10413034879907021,0.05698377947316962,0.835
2004-02-14 11:32:39,0.07813684441464291,0.09446960076527441,0.10019990468277809,0.05629622146095769,0.827
2004-02-14 11:42:39,0.07653528310881796,0.09333969379369252,0.10055327582578913,0.05604184010002534,0.7689999999999999
2004-02-14 11:52:39,0.07844825685702825,0.09388717906390866,0.10044699244385547,0.05609720654391969,0.754
2004-02-14 12:02:39,0.07781413088150362,0.09551630030024832,0.10496968800749537,0.055469734586331546,0.8160000000000001
2004-02-14 12:12:39,0.07730263111527177,0.09438559232776371,0.10160284030578799,0.05668160198782493,0.6990000000000001
2004-02-14 12:22:39,0.07812213150983971,0.09393499508054252,0.10138163053416507,0.055187333663395594,0.765
2004-02-14 12:32:39,0.07923294929450951,0.09505211718036093,0.10019590892853834,0.05605197565304315,0.776
2004-02-14 12:42:39,0.07538111630449985,0.09453311155192051,0.10212143913047114,0.055200241397937666,0.825
2004-02-14 12:52:39,0.07695273730866842,0.0933075295373293,0.0993208824734904,0.056088158234520215,0.708
2004-02-14 13:02:39,0.07620697076106746,0.09366071242914338,0.10012622648671599,0.054755406946197724,0.823
2004-02-14 13:12:39,0.07855317354645072,0.09369920055980822,0.10070267067391867,0.055639163839280685,0.705
2004-02-14 13:22:39,0.07703774503551014,0.09328046717636494,0.09792919331995545,0.05560989436748161,0.749
2004-02-14 13:32:39,0.0778355331120934,0.09359416918729341,0.09829235132056499,0.05562094174100439,0.742
2004-02-14 13:42:39,0.07702249886904008,0.09521213593906228,0.09943805536850112,0.05543349143483748,0.749
2004-02-14 13:52:39,0.07605641216906861,0.09236861340405508,0.09928447896661478,0.05507692551885343,0.747
2004-02-14 14:02:39,0.07764319967053222,0.09350167006362935,0.09780089587716112,0.05679415485233116,0.7030000000000001
2004-02-14 14:12:39,0.07824552016429619,0.09581160153280817,0.10195176938754087,0.055751101358935774,0.794
2004-02-14 14:22:39,0.07848323274601834,0.09552847405600612,0.10159682977491394,0.05583630423921066,0.7909999999999999
2004-02-14 14:32:39,0.07779132524390596,0.09302180996361305,0.0961316119515668,0.054993419794581666,0.732
2004-02-14 14:42:39,0.07653336531121187,0.09395208609936348,0.0974732142192649,0.05597544278799801,0.7030000000000001
2004-02-14 14:52:39,0.07771954820911005,0.09406905214929027,0.10009319046440764,0.055649714488541634,0.7929999999999999
2004-02-14 15:02:39,0.07693467481866138,0.09297426664304943,0.10048858523095604,0.05422170245923763,0.696
2004-02-14 15:12:39,0.07840756556538812,0.09402400219242706,0.09902751772905634,0.05512873738393453,0.808
2004-02-14 15:22:39,0.07637419924651849,0.09303714054873269,0.09999643450675062,0.05508072112675826,0.715
2004-02-14 15:32:39,0.07685433411249512,0.09324944966744617,0.09896118858271408,0.0551095278386025,0.767
2004-02-14 15:42:39,0.07689268883127412,0.09353494213603228,0.09737962119971687,0.0545810052382004,0.737
2004-02-14 15:52:39,0.0781796718078584,0.0937652883367577,0.10062035509465955,0.055167844478945086,0.759
2004-02-14 16:02:39,0.07825966082036649,0.09275002553276447,0.10017413671210765,0.05576256733701913,0.7709999999999999
2004-02-14 16:12:39,0.07600318789572276,0.09480286933001256,0.09849183569829077,0.055708205413480885,0.774
2004-02-14 16:22:39,0.07756941668142765,0.09316901539507547,0.09869457033135574,0.055348389221847226,0.735
2004-02-14 16:32:39,0.07732922906617389,0.09449010442360962,0.09951710603977391,0.05512827016944164,0.761
2004-02-14 16:42:39,0.07651370160437374,0.09366903717553032,0.10016448679079269,0.05498132273426428,0.777
2004-02-14 16:52:39,0.07876241407609211,0.09440549977979126,0.09833053116593729,0.05546879357392614,0.888
2004-02-14 17:02:39,0.07563445673052673,0.09300484829642439,0.10113602429479117,0.055857034478937445,0.742
2004-02-14 17:12:39,0.07764984159926297,0.09466159015350901,0.10082460646851839,0.05537449606500351,0.701
2004-02-14 17:22:39,0.07831222347566939,0.09477106615665497,0.09796424680639411,0.05511504702168979,0.796
2004-02-14 17:32:39,0.07748786100748722,0.09346977807860034,0.099180015322914,0.05564763014032415,0.783
2004-02-14 17:42:39,0.07663856361906692,0.09390700316877842,0.10018190754627203,0.05521591452468055,0.755
2004-02-14 17:52:39,0.07512177873709477,0.09308109047651528,0.09777917738096002,0.05600026811807977,0.74
2004-02-14 18:02:39,0.07500741402156957,0.09297095559358709,0.09701658026184762,0.05495747557060543,0.703
2004-02-14 18:12:39,0.07638231571703559,0.09299380282191677,0.09976712215008363,0.05419564979803468,0.713
2004-02-14 18:22:39,0.07788027921511997,0.09394573888936644,0.09845449258096496,0.05532732278435622,0.718
2004-02-14 18:32:39,0.07527439096762518,0.09374748564336756,0.09880805379189021,0.055690793691175695,0.794
2004-02-14 18:42:39,0.07918299858950179,0.09538764839745875,0.10113584131472839,0.055765557141314356,0.752
2004-02-14 18:52:39,0.07800711324486327,0.09410742386529784,0.10029109755131434,0.05628300247132752,0.74
2004-02-14 19:02:39,0.07825582203031742,0.09369663116359399,0.099673851681295,0.05518791141551019,0.73
2004-02-14 19:12:39,0.0775620121106736,0.09473084017403441,0.09910178489579077,0.05646351533913801,0.796
2004-02-14 19:22:39,0.07689549618790721,0.09349721701657246,0.09702139920809846,0.05453907089331646,0.73
2004-02-14 19:32:39,0.076751982046374,0.09330382264576731,0.09850783846111735,0.055194401642342315,0.786
2004-02-14 19:42:39,0.07706073123730493,0.09312319314522464,0.10036279891598439,0.055228806738422016,0.73
2004-02-14 19:52:39,0.07648439894024169,0.09132605456378669,0.09860464579255579,0.055909589754911025,0.723
2004-02-14 20:02:39,0.07804829515724965,0.09364277618295123,0.10162542017325688,0.055669153385621006,0.8400000000000001
2004-02-14 20:12:39,0.07650581224090527,0.09331115962073315,0.10101319820170962,0.05561160521658762,0.6890000000000001
2004-02-14 20:22:39,0.07870505320746998,0.09320886796011715,0.0998603495101899,0.055868345433566564,0.883
2004-02-14 20:32:39,0.07722064160724411,0.091659210071961,0.09876357798266426,0.055918653424248274,0.764
2004-02-14 20:42:39,0.07668115900587583,0.09231781731893123,0.09803146193593794,0.05424208251556133,0.788
2004-02-14 20:52:39,0.0756051849686295,0.09185907998762109,0.09901202751078905,0.054027173248456274,0.742
2004-02-14 21:02:39,0.07643147398057804,0.0924191195172514,0.10069441874700512,0.05552922143874965,0.718
2004-02-14 21:12:39,0.07738588467210561,0.09360242655942651,0.10166028537756136,0.05542253708724876,0.708
2004-02-14 21:22:39,0.07673222832214145,0.0940399786161467,0.09849534783390673,0.05543547989907344,0.891
2004-02-14 21:32:39,0.07787403565815468,0.09352597347712596,0.09920969176170973,0.055377674349923564,0.81
2004-02-14 21:42:39,0.0761019791494855,0.09377789532903828,0.0972266679012104,0.05535919594947015,0.8300000000000001
2004-02-14 21:52:39,0.07844877284532588,0.0948752485792217,0.10052244409871135,0.05500067915063604,0.76
2004-02-14 22:02:39,0.07838618964181492,0.0940637242964358,0.09957839493726285,0.05557172396017761,0.732
2004-02-14 22:12:39,0.07640125207324402,0.09363039062627236,0.09984766766570745,0.055181738091056455,0.75
2004-02-14 22:22:39,0.07758806582835001,0.09416482702388321,0.0983603124955342,0.05503170517273379,0.7250000000000001
2004-02-14 22:32:39,0.07630787730419383,0.09344891260779005,0.10008663946996615,0.05483232742515434,0.749
2004-02-14 22:42:39,0.07535862403731157,0.092218021165793,0.09595847007177608,0.05458688780570335,0.744
2004-02-14 22:52:39,0.07684732479484939,0.09256967155498176,0.09930827088423189,0.055450453848739416,0.6930000000000001
2004-02-14 23:02:39,0.07787287473273795,0.09347937528415547,0.10014722024428115,0.056041456735588274,0.715
2004-02-14 23:12:39,0.0775552395750727,0.09383125593236012,0.10157016197060398,0.056009475342346605,0.862
2004-02-14 23:22:39,0.07666440030051452,0.09483166443798376,0.1008413856439612,0.05514159020832714,0.75
2004-02-14 23:32:39,0.0775650527128282,0.0930747801354691,0.09851310762049459,0.05566253517641416,0.857
2004-02-14 23:42:39,0.0774949654992787,0.09429201364851061,0.10313604770369035,0.05571123976656828,0.7230000000000001
2004-02-14 23:52:39,0.07696251021449084,0.09296667854835311,0.09899508574648269,0.054484390235156624,0.7909999999999999
2004-02-15 00:02:39,0.07827452254026393,0.09354334254020451,0.09906679209944838,0.0551837564203109,0.717
2004-02-15 00:12:39,0.07576478107129474,0.09265307488236162,0.0992183804126992,0.05498169661706129,0.745
2004-02-15 00:22:39,0.07495237289856145,0.09391874682862622,0.09598169126762707,0.0555774221560841,0.6910000000000001
2004-02-15 00:32:39,0.07601210519857195,0.09313264780886962,0.09883132652917268,0.05522348372112017,0.862
2004-02-15 00:42:39,0.07784616647443628,0.09262569901052167,0.10045348323936923,0.05555982795529348,0.837
2004-02-15 00:52:39,0.07777190268764357,0.09379570370333323,0.09828214874390528,0.054958087723736886,0.718
2004-02-15 01:02:39,0.07609426462864997,0.09350777953723764,0.10287254159615918,0.05477954307808442,0.774
2004-02-15 01:12:39,0.07791981712241519,0.09390660513660129,0.09934069179784952,0.056960235324330116,0.728
2004-02-15 01:22:39,0.07685402406917334,0.09296519688588595,0.09726747965099401,0.05572665526856797,0.788
2004-02-15 01:32:39,0.07674329768933828,0.09201157021122196,0.09875289256048572,0.05541175020288415,0.698
2004-02-15 01:42:39,0.0758298664929838,0.09325771347747659,0.09821452101737421,0.05487191940384857,0.716
2004-02-15 01:52:39,0.07844448611816984,0.09277703683807452,0.0990015316623171,0.054739170233137964,0.869
2004-02-15 02:02:39,0.0773195448235358,0.09381157014654282,0.10302551001034135,0.055861584746501616,0.725
2004-02-15 02:12:39,0.07740247581129946,0.09241736675395293,0.101026365196636,0.05545448364072399,0.698
2004-02-15 02:22:39,0.07701573119540278,0.09374155404663641,0.10142859128894444,0.0543932130955631,0.742
2004-02-15 02:32:39,0.07521198946561003,0.0916649418931029,0.10090762594873502,0.05451612523057945,0.662
2004-02-15 02:42:39,0.07688848490722265,0.09432188255806362,0.10055232648391843,0.05594337783364047,0.764
2004-02-15 02:52:39,0.07637173140254126,0.09293703503162257,0.10023732775269074,0.05454920594418008,0.764
2004-02-15 03:02:39,0.07586469664650129,0.0917706731222607,0.09798818014059649,0.05634553345763036,0.747
2004-02-15 03:12:39,0.07509883721844539,0.09397151460225021,0.0987823671243399,0.05470675286099245,0.76
2004-02-15 03:22:39,0.0779951132784134,0.09238539379322039,0.10065237011305483,0.055938342783455094,0.847
2004-02-15 03:32:39,0.07796534561705969,0.09365897690599899,0.09851387711574132,0.055494001294621384,0.698
2004-02-15 03:42:39,0.0779880759490473,0.09277016263956933,0.09991390067867674,0.05485481903967013,0.791
2004-02-15 03:52:39,0.07783362414069522,0.0949616015119747,0.10115992714200334,0.05588993089099272,0.708
2004-02-15 04:02:39,0.07897315449479918,0.09386213345996623,0.09997568967199483,0.054653300020446625,0.7569999999999999
2004-02-15 04:12:39,0.07863142766105487,0.09450331689574287,0.09939325181248326,0.05500655101255519,0.8029999999999999
2004-02-15 04:22:39,0.0772709316302064,0.09377655509324549,0.09902924076930072,0.05561434501181947,0.789
2004-02-15 04:32:39,0.07686496536388095,0.09442057958734218,0.09943837380783739,0.05571101013615328,0.759
2004-02-15 04:42:39,0.07859432684927475,0.09299301862866985,0.09902862073466305,0.05511904685471102,0.813
2004-02-15 04:52:39,0.07406587578013323,0.09168768426191623,0.09521619622437046,0.054752663855000876,0.615
2004-02-15 05:02:39,0.07718297304538768,0.093429771314978,0.10183912520183705,0.05506149882035277,0.698
2004-02-15 05:12:39,0.07760990663196245,0.09315085290261547,0.09939998948770873,0.05522226308151172,0.84
2004-02-15 05:22:39,0.07535483865674726,0.09214597502273725,0.09795840779740908,0.05478306471609136,0.766
2004-02-15 05:32:39,0.07658680736589059,0.0936651931520104,0.10051446568778225,0.05456239708609951,0.738
2004-02-15 05:42:39,0.07400668156332675,0.09168387140272184,0.0954601596994477,0.05479098735122253,0.659
2004-02-15 05:52:39,0.07723644861165374,0.09239720666139417,0.09777479579809784,0.05579839241145833,0.72
2004-02-15 06:02:39,0.07638222845805705,0.09300758511364614,0.0998395756658701,0.05597469739129305,0.6910000000000001
2004-02-15 06:12:39,0.07657197230945152,0.09371351659904628,0.09849254190316774,0.054611984916173084,0.7030000000000001
2004-02-15 06:22:39,0.07622631580171751,0.09130357561411338,0.0970373546288219,0.05497459507368469,0.664
2004-02-15 06:32:39,0.07611128423493248,0.0928160860523566,0.10079875962236183,0.05457668773157603,0.6859999999999999
2004-02-15 06:42:39,0.0762350372742295,0.09211698070804258,0.09989109670622423,0.05621944743174896,0.81
2004-02-15 06:52:39,0.07708552506033886,0.09179512152580738,0.09939245792996412,0.05495837425170618,0.75
2004-02-15 07:02:39,0.07748513088207665,0.09476188883814077,0.09952909779855376,0.05591199575700369,0.96
2004-02-15 07:12:39,0.07610651811513534,0.09280966746519625,0.09973894489569543,0.05481328480766487,0.73
2004-02-15 07:22:39,0.07635003555786678,0.09103083000675664,0.09695496724680187,0.055567796692840364,0.723
2004-02-15 07:32:39,0.07706156097359788,0.09293066499328427,0.09991099701343732,0.055032411880834756,0.694
2004-02-15 07:42:39,0.07699595762268556,0.09302413003910094,0.1001105782665337,0.0554766411640404,0.6990000000000001
2004-02-15 07:52:39,0.07728027098298208,0.09261385702837444,0.09955832662510437,0.054716391475440905,0.732
2004-02-15 08:02:39,0.07780435763121667,0.09321440313155588,0.09853231247445118,0.05533633534817401,0.786
2004-02-15 08:12:39,0.07685029678039247,0.09175777784429046,0.0990770553187029,0.05586628759675813,0.748
2004-02-15 08:22:39,0.07659630599315424,0.09231449330320994,0.09765759474074323,0.05426084326038502,0.781
2004-02-15 08:32:39,0.07640399408735155,0.09332165556013577,0.1010553704195149,0.0559026510684809,0.8009999999999999
2004-02-15 08:42:39,0.07807795239624712,0.09375618781662654,0.09945037628762543,0.05519762037372469,0.825
2004-02-15 08:52:39,0.07713057459340905,0.09276254153120432,0.09916315223770926,0.055588312602981776,0.8029999999999999
2004-02-15 09:02:39,0.07667752265474438,0.09363225965888286,0.10071125136916965,0.05502823050347624,0.708
2004-02-15 09:12:39,0.07616845537195845,0.09346514249349022,0.09821823794807835,0.055345045157063906,0.747
2004-02-15 09:22:39,0.07769009071504918,0.09425509093926451,0.10044696619399968,0.055864151019599115,0.767
2004-02-15 09:32:39,0.07704597666024685,0.09285667982585623,0.09897752911409546,0.05567227055711242,0.7809999999999999
2004-02-15 09:42:39,0.07618983570301986,0.09237666423780096,0.09987802864228483,0.054545235044094975,0.647
2004-02-15 09:52:39,0.07626676749554025,0.09279007252176306,0.09846296099295558,0.0567389775398322,0.7889999999999999
2004-02-15 10:02:39,0.07687972991038525,0.09390761568266714,0.09897436561468084,0.05547539264802981,0.725
2004-02-15 10:12:39,0.07759393186144668,0.09325635817382136,0.09871695006668853,0.055204752488038494,0.796
2004-02-15 10:22:39,0.07751806461591335,0.09285327597546192,0.09842378376661719,0.05510941575700185,0.808
2004-02-15 10:32:39,0.07726790157161828,0.0938767057830224,0.09911617458545073,0.054620853586193,0.723
2004-02-15 10:42:39,0.07629958876752731,0.09226735206893473,0.09730810317419453,0.054704842339509535,0.8049999999999999
2004-02-15 10:52:39,0.07781444368807369,0.09325880723531389,0.09907661374222194,0.055417406695403036,0.754
2004-02-15 11:02:39,0.07798443416898217,0.09405435725760344,0.09807659783541178,0.054714127446094205,0.745
2004-02-15 11:12:39,0.0771727857938764,0.09286515446637006,0.10156068772421756,0.056888416171758646,0.72
2004-02-15 11:22:39,0.07657231665383012,0.09167197353838337,0.09869145639037627,0.05467013384981067,0.745
2004-02-15 11:32:39,0.078225835863124,0.09436759904755603,0.09726563780120565,0.05616930192298608,0.744
2004-02-15 11:42:39,0.07821529157356373,0.0929024209289156,0.09897483108093856,0.05541485101388041,0.65
2004-02-15 11:52:39,0.07738252216313542,0.09333782570336373,0.10126387009550418,0.054944628999196256,0.847
2004-02-15 12:02:39,0.0772641964605053,0.09297081405271931,0.09859810583682489,0.054909747949902575,0.776
2004-02-15 12:12:39,0.07699383884898285,0.0923946705523897,0.09857994777598554,0.055215355636333986,0.796
2004-02-15 12:22:39,0.07690982601651522,0.09382004883019601,0.10179250973948371,0.0558326251509811,0.7170000000000001
2004-02-15 12:32:39,0.07732355197126642,0.09242809520488558,0.10124067978901087,0.05409501144904069,0.718
2004-02-15 12:42:39,0.07831285446098982,0.09328485964540428,0.10333324145241371,0.05578524626791418,0.754
2004-02-15 12:52:39,0.07832065126173643,0.09325195362816274,0.09824184126430223,0.054911454381263464,0.72
2004-02-15 13:02:39,0.07863466597728687,0.09305884972273783,0.09893776674987913,0.05639394083144005,0.927
2004-02-15 13:12:39,0.07589580999376308,0.09335843304964316,0.09776152625458212,0.055400728539038255,0.755
2004-02-15 13:22:39,0.07599208397044988,0.09308841563266787,0.0997278785288232,0.054787636892368166,0.718
2004-02-15 13:32:39,0.07671332879267576,0.0935034301781408,0.09972621358389999,0.05560718508612958,0.743
2004-02-15 13:42:39,0.07887653617511625,0.09382236529990626,0.10005112047840724,0.05536842732226161,0.706
2004-02-15 13:52:39,0.07698641253392588,0.09381363335216661,0.10020149256038308,0.054161814486199354,0.788
2004-02-15 14:02:39,0.07870018792911593,0.09354599679101888,0.10045622394699036,0.05515195008026639,0.798
2004-02-15 14:12:39,0.07909664714666371,0.09322243932315692,0.10026775238315215,0.05562966930893825,0.781
2004-02-15 14:22:39,0.07852285259022558,0.09252440820281731,0.0979483865399608,0.05593204014904438,0.7989999999999999
2004-02-15 14:32:39,0.07765788699230383,0.09294906041500126,0.09614868704008156,0.0555726882707737,0.769
2004-02-15 14:42:39,0.07734418592048897,0.09336764790751444,0.09807343639223448,0.05513228011380299,0.845
2004-02-15 14:52:39,0.0794866337894109,0.09438923164631395,0.09949737649650775,0.05631866338704305,0.9890000000000001
2004-02-15 15:02:39,0.07879434639260317,0.09277074897420369,0.1009284131455484,0.056138648900650984,0.8009999999999999
2004-02-15 15:12:39,0.07817851729475488,0.0941284815819431,0.0990139616398099,0.055781666227438194,0.742
2004-02-15 15:22:39,0.07934480601896715,0.09453038997542813,0.10368312250592476,0.0567354916751847,0.847
2004-02-15 15:32:39,0.07791014863139253,0.09442026930622295,0.101081249468638,0.05570475234298875,0.764
2004-02-15 15:42:39,0.07741225186158364,0.09235136072698297,0.09883286722812212,0.0555557464786212,0.73
2004-02-15 15:52:39,0.07717606759971841,0.09291515734714122,0.09807929742807465,0.05437099617083846,0.735
2004-02-15 16:02:39,0.076136082616404,0.09190309041236888,0.09696808985031685,0.055018815584846156,0.71
2004-02-15 16:12:39,0.07732419891781156,0.09339404141944249,0.10095051701089014,0.05476358457325862,0.74
2004-02-15 16:22:39,0.07663857285733704,0.09126526493680225,0.09948860988120285,0.054939313998776836,0.708
2004-02-15 16:32:39,0.07806556426631918,0.0934227373893978,0.10092476893397082,0.0560451208082041,0.725
2004-02-15 16:42:39,0.0757887228918538,0.0918656423274481,0.09878798962693594,0.053895436868387527,0.745
2004-02-15 16:52:39,0.07693434701094203,0.09314724592723282,0.10061411164886874,0.05523404481867338,0.761
2004-02-15 17:02:39,0.07732904689791993,0.09357055534795795,0.09773093718973941,0.0560776164995052,0.749
2004-02-15 17:12:39,0.07843469958895377,0.09317686186973044,0.09916209849203535,0.054600177158165654,0.754
2004-02-15 17:22:39,0.07572220509038297,0.0910803916556187,0.09905994352971195,0.056065013530609845,0.671
2004-02-15 17:32:39,0.07848424901692072,0.09381010208877588,0.09848630461777898,0.054748519975001166,0.845
2004-02-15 17:42:39,0.07769689014549605,0.09241826678290657,0.10042233983477492,0.054926334722915054,0.806
2004-02-15 17:52:39,0.07684735275206281,0.09320310430636947,0.09994857662193256,0.05471727403777496,0.742
2004-02-15 18:02:39,0.07749397185477179,0.09169993285464927,0.09803910551885836,0.05593840868675289,0.6519999999999999
2004-02-15 18:12:39,0.07689442843925717,0.09301989087102007,0.10000683277438037,0.054310091017490326,0.7150000000000001
2004-02-15 18:22:39,0.07756135172397421,0.09334155713862298,0.10242379384167664,0.05454656214103877,0.742
2004-02-15 18:32:39,0.0757864766238842,0.09152398454008691,0.09925786236962754,0.05454538767307647,0.712
2004-02-15 18:42:39,0.0766646143011071,0.0923784119591481,0.09938784532742664,0.05476969358995407,0.748
2004-02-15 18:52:39,0.07681094129826176,0.09369073230748501,0.09808726259808015,0.05534738968480652,0.774
2004-02-15 19:02:39,0.07548862542369808,0.09251451321955008,0.09890647684610791,0.05590771073063692,0.777
2004-02-15 19:12:39,0.0767260415323166,0.09145214526213767,0.10025409879986091,0.05494174827146429,0.842
2004-02-15 19:22:39,0.07659261588817666,0.09314412293171805,0.09922315541401068,0.05500314843616294,0.833
2004-02-15 19:32:39,0.07612450097332348,0.09147689177336504,0.09876300497830197,0.05533727067167825,0.798
2004-02-15 19:42:39,0.07587571431912546,0.09218072697577034,0.09887385848938288,0.055866402529969474,0.657
2004-02-15 19:52:39,0.07866708215291304,0.09365046747664425,0.10045953058399494,0.0557366041571309,0.7769999999999999
2004-02-15 20:02:39,0.07488942304220111,0.09194637294666483,0.09784829042683073,0.054709724501939117,0.625
2004-02-15 20:12:39,0.07551084326884382,0.09201408344777776,0.09797741762893537,0.05400837608649213,0.76
2004-02-15 20:22:39,0.07746565172555926,0.09217530321858325,0.09904450521695929,0.05569360060579175,0.745
2004-02-15 20:32:39,0.0778799767044418,0.09200686911771318,0.09853542648934864,0.0560800270470128,0.788
2004-02-15 20:42:39,0.0781225296484432,0.09262492856989606,0.09805294702313809,0.055558714455547574,0.783
2004-02-15 20:52:39,0.07611407711044679,0.09230431555416094,0.09582488708250765,0.0545026868245384,0.8200000000000001
2004-02-15 21:02:39,0.07747078960606713,0.0917217048608365,0.09748541732893806,0.05484353142762677,0.786
2004-02-15 21:12:39,0.07693442285428508,0.0918530190010632,0.09973017797255695,0.056098868150903355,0.7350000000000001
2004-02-15 21:22:39,0.07845103780085558,0.09336539311147188,0.09983659060794854,0.05647240623539583,0.737
2004-02-15 21:32:39,0.07712598352037034,0.09329416472574974,0.09867469364541245,0.05462768827409622,0.756
2004-02-15 21:42:39,0.07664916109445959,0.0917546416145408,0.1002671010488224,0.0541728056417027,0.706
2004-02-15 21:52:39,0.07609715052720023,0.09097526170441998,0.09769822223026083,0.05536178506961009,0.738
2004-02-15 22:02:39,0.07746998977930893,0.09242665588860331,0.09777709897509124,0.05492334279688675,0.825
2004-02-15 22:12:39,0.07800517279271887,0.09218471500030703,0.09988879216799862,0.055162541248851074,0.931
2004-02-15 22:22:39,0.07763653012948789,0.09378911033162188,0.09991370812989574,0.05510428722615936,0.756
2004-02-15 22:32:39,0.07918840148460855,0.09391152127468363,0.10013236649711679,0.0563014569326082,0.786
2004-02-15 22:42:39,0.07754853035710546,0.0934305155207283,0.0993458614906172,0.055457080198479496,0.7250000000000001
2004-02-15 22:52:39,0.07856042875899356,0.0929127113145905,0.09843723611075927,0.05570921162398168,0.8300000000000001
2004-02-15 23:02:39,0.07898196831150417,0.0940320977134453,0.10033628660737169,0.055427313748502675,0.7909999999999999
2004-02-15 23:12:39,0.07907627967862763,0.09335233943155404,0.09911963479529917,0.05538307776509291,0.718
2004-02-15 23:22:39,0.07822047728316597,0.09353178014175023,0.09840601207696084,0.05526893676463935,0.855
2004-02-15 23:32:39,0.07781550947995539,0.09283142615322079,0.09860239982857165,0.055055780041841015,0.789
2004-02-15 23:42:39,0.07752908728341912,0.09196958991291784,0.10206524175359148,0.05466794739750351,0.6930000000000001
2004-02-15 23:52:39,0.08153544630347202,0.09374747574726826,0.10047335623189013,0.0559614085602465,0.8959999999999999
2004-02-16 00:02:39,0.07680178169726959,0.09294201611421665,0.09915234022586632,0.05562765750323157,0.862
2004-02-16 00:12:39,0.07831487270697304,0.09129114253353604,0.09895877801435317,0.05561291345162621,0.723
2004-02-16 00:22:39,0.07714297013854801,0.09269065576430013,0.09995281748233335,0.05609026364513909,0.6930000000000001
2004-02-16 00:32:39,0.07835456303769531,0.09190654672045086,0.09869106429599048,0.05503741802458089,0.786
2004-02-16 00:42:39,0.07742108696622196,0.09365008973108832,0.10123373205537663,0.054999064711507416,0.72
2004-02-16 00:52:39,0.07557168930630974,0.09178688562669024,0.09981447732074179,0.054058973873446554,0.761
2004-02-16 01:02:39,0.07788295128949925,0.09257087207876019,0.09898054895920706,0.05501141305589425,0.718
2004-02-16 01:12:39,0.07903823151498034,0.09280392268868022,0.10031674226816399,0.05549845551412269,0.8300000000000001
2004-02-16 01:22:39,0.076502435622992,0.0917439528299257,0.09898859427669134,0.054322849452658716,0.796
2004-02-16 01:32:39,0.07822062241816044,0.09221435519856845,0.09994693000967947,0.055551317508706,0.7230000000000001
2004-02-16 01:42:39,0.07962149993533889,0.0934192357776574,0.10255333168573376,0.056601823347397065,0.774
2004-02-16 01:52:39,0.07955654282244448,0.09287680353439128,0.09921035249896624,0.05560607780334667,0.806
2004-02-16 02:02:39,0.08010829309782458,0.09402939461031092,0.09975540643635075,0.056830538940343886,0.891
2004-02-16 02:12:39,0.07790080048880697,0.09259417898778577,0.09936835546772257,0.05520940117874482,0.765
2004-02-16 02:22:39,0.07848352017750712,0.09201563800093443,0.09977380986394183,0.056005975894876193,0.77
2004-02-16 02:32:39,0.0781613696593867,0.09295412253625254,0.09971210927629885,0.05535530873437595,0.8260000000000001
2004-02-16 02:42:39,0.07782842583007515,0.09093022280805291,0.09940935112853938,0.054855819985923863,0.764
2004-02-16 02:52:39,0.07946396957702014,0.09381133462384246,0.09983015287891953,0.056430002357040335,0.713
2004-02-16 03:02:39,0.07711978716429188,0.09198609275192578,0.0990123226627013,0.05566633602813119,0.774
2004-02-16 03:12:39,0.08226511158434338,0.09309538119584822,0.10044532726579002,0.05635701928816702,0.853
2004-02-16 03:22:39,0.0843258899323974,0.09414325852125718,0.10005776334627774,0.056450675891380454,0.813
2004-02-16 03:32:39,0.08428004987326904,0.09284881470745011,0.09862991041522846,0.055576856799559086,0.764
2004-02-16 03:42:39,0.08309850817281259,0.09226838744806343,0.09790122074539129,0.05672193517227207,0.747
2004-02-16 03:52:39,0.08266808841262165,0.09346711199877164,0.09789384297384515,0.0559057360058816,0.749
2004-02-16 04:02:39,0.08427124871137945,0.09171205043674885,0.10069185521695209,0.05594046387050073,0.83
2004-02-16 04:12:39,0.08598723191692198,0.09521701646559648,0.10269132938500575,0.05772255545454548,0.889
2004-02-16 04:22:39,0.08444288039158977,0.0937404062799577,0.10091138473115747,0.05734556110900126,0.986
2004-02-16 04:32:39,0.0826825590218785,0.09306176754245184,0.10163316820264266,0.055736514799825755,0.762
2004-02-16 04:42:39,0.08363795209861465,0.09343127200188851,0.0990650329920661,0.055962988257306584,0.796
2004-02-16 04:52:39,0.08381571232658393,0.09345073145237892,0.09920935880752536,0.0559782663950366,0.81
2004-02-16 05:02:39,0.08551655227434508,0.09238883020834206,0.09991826860184777,0.056133216878327306,0.794
2004-02-16 05:12:39,0.08430120065361357,0.0925591404585313,0.09755535638084738,0.05540609886118645,0.776
2004-02-16 05:22:39,0.08697885681706394,0.0930529844236956,0.09824955818523622,0.05598814135739999,0.781
2004-02-16 05:32:39,0.08478583054111723,0.09183066585518451,0.0990680787565601,0.0560914092478179,0.889
2004-02-16 05:42:39,0.08516847160004522,0.09335742257372812,0.10046058335782296,0.05604524974992265,0.7869999999999999
2004-02-16 05:52:39,0.0869916991033672,0.092991101042235,0.09863420401246337,0.05580558424048452,0.784
2004-02-16 06:02:39,0.0869552866420451,0.09461645927234148,0.09924657951245623,0.055955996418223006,0.777
2004-02-16 06:12:39,0.08790080163306041,0.0937970358569349,0.10187933824160458,0.05754674899863966,0.833
2004-02-16 06:22:39,0.08565032244174677,0.09396673644750081,0.1003108160392167,0.05665480469061038,0.752
2004-02-16 06:32:39,0.08544638075644365,0.092047133603865,0.0986673504505027,0.057371240004791886,0.937
2004-02-16 06:42:39,0.08661301154867854,0.09297210183033561,0.09964210271171955,0.05561270448728942,0.833
2004-02-16 06:52:39,0.08760435629686279,0.0930458196833535,0.10292608230166504,0.05591850279717848,0.8280000000000001
2004-02-16 07:02:39,0.08819957754159546,0.09193883278903259,0.09908280967871545,0.05626581722058216,0.839
2004-02-16 07:12:39,0.0860538922029763,0.09128181647804541,0.09842002027344512,0.05470005302356848,0.794
2004-02-16 07:22:39,0.0891782641284802,0.09305815685172847,0.10019771786830248,0.056611615847174786,0.864
2004-02-16 07:32:39,0.085617116425398,0.09239715857162319,0.09603662250062957,0.05588000536864642,0.762
2004-02-16 07:42:39,0.08827365730623714,0.0935309660035799,0.09894025481793463,0.05590753561965022,0.777
2004-02-16 07:52:39,0.08883351291927179,0.09272338261514199,0.09970987895358167,0.05654527750575714,0.842
2004-02-16 08:02:39,0.08730537730432328,0.09306808479926644,0.0993655464253412,0.05590449401588247,0.8300000000000001
2004-02-16 08:12:39,0.08747885570417953,0.0927663313725859,0.0994307381029018,0.056520439299369375,0.879
2004-02-16 08:22:39,0.08891707562606212,0.09365815944208175,0.09817416065499522,0.05581695373467385,0.86
2004-02-16 08:32:39,0.08606533531776607,0.09263758586261542,0.09962304930650016,0.055527112342333,0.734
2004-02-16 08:42:39,0.08849752380010513,0.09320813953400679,0.09908935287666348,0.05566831266668841,0.896
2004-02-16 08:52:39,0.08784936420382257,0.0939042517466279,0.10005354913901233,0.05663650933323007,1.057
2004-02-16 09:02:39,0.08692632195842041,0.09169913919392358,0.09877137550495545,0.055533251669748186,0.792
2004-02-16 09:12:39,0.08674333435306578,0.09120415639942912,0.09858925678153131,0.05634834718488791,0.8939999999999999
2004-02-16 09:22:39,0.08853620513180409,0.09361103163698689,0.09934145684873213,0.05629804458610178,0.94
2004-02-16 09:32:39,0.08814084160583331,0.09275428256201444,0.10142533044683863,0.05537878752213536,0.835
2004-02-16 09:42:39,0.08998700481267577,0.09353485913309087,0.09964296394463716,0.05578468564349625,0.725
2004-02-16 09:52:39,0.08840501059576752,0.09265233945162793,0.09737317221888765,0.05565161670074098,0.8300000000000001
2004-02-16 10:02:39,0.08764679009783148,0.09269172592355708,0.10235076454969276,0.055741984604570624,0.828
2004-02-16 10:12:39,0.08951969957125856,0.09222389853469537,0.09940757352349203,0.05551092762634606,0.857
2004-02-16 10:22:39,0.08913656021626468,0.09488952252159007,0.10197190535839892,0.05570401734909319,0.839
2004-02-16 10:32:39,0.08819533236170081,0.09316046697726546,0.09890342314285855,0.05573558486211304,0.889
2004-02-16 10:42:39,0.08845663938213735,0.09288572106483697,0.09786359637829656,0.05611601055514327,0.8280000000000001
2004-02-16 10:52:39,0.0901507431702082,0.09274487540593702,0.09785003223604001,0.055204900197892946,0.903
2004-02-16 11:02:39,0.09071041798845905,0.0950661660515174,0.09794839501460897,0.05747468787295571,0.891
2004-02-16 11:12:39,0.08991441460147138,0.09263150491666039,0.0988358376437142,0.05554317718000974,0.886
2004-02-16 11:22:39,0.09103706078047065,0.0933942019245588,0.09920378848809605,0.055950324996262894,0.849
2004-02-16 11:32:39,0.09011333846624235,0.09232211252423643,0.09809547077576605,0.05583582501825049,0.869
2004-02-16 11:42:39,0.09209473537180841,0.09345214245638131,0.10107643809459729,0.056904048642896006,0.894
2004-02-16 11:52:39,0.08920837094839174,0.09213045348300793,0.09901602172675948,0.05573613634376894,0.788
2004-02-16 12:02:39,0.08972886132503721,0.0925900356262269,0.09739418160921344,0.05573562910349598,0.908
2004-02-16 12:12:39,0.09109389338539488,0.0935599302419325,0.0991024209782503,0.05681175785062521,0.796
2004-02-16 12:22:39,0.09182397073511249,0.09275637981343393,0.10030408161716485,0.05726492666695569,0.91
2004-02-16 12:32:39,0.08981583914286922,0.09300471573225651,0.0985925720512059,0.05570250613260651,1.066
2004-02-16 12:42:39,0.09123699259817615,0.09342941436587468,0.10028082662928918,0.05711262430906768,0.832
2004-02-16 12:52:39,0.09086885403048083,0.09264612850493731,0.09726888272657101,0.05663061247709739,0.869
2004-02-16 13:02:39,0.089624433128875,0.09248093975922946,0.0973087038136414,0.05524059017366068,0.876
2004-02-16 13:12:39,0.08982404539353384,0.09325730455849529,0.10091752027491475,0.055504400955154604,0.874
2004-02-16 13:22:39,0.09140617654911747,0.09342513113158273,0.09811491862025759,0.0570193536393835,0.944
2004-02-16 13:32:39,0.09195853451590423,0.094341704339781,0.09913809787953495,0.05690174379810847,0.808
2004-02-16 13:42:39,0.09039873667146665,0.0920949485097631,0.09877371081044795,0.05666826523863426,0.767
2004-02-16 13:52:39,0.09161855206251354,0.09385344163034015,0.09828857459788869,0.05518859887071275,0.903
2004-02-16 14:02:39,0.091443056425076,0.09443863774339638,0.10148283798874738,0.055978381098336236,0.849
2004-02-16 14:12:39,0.09038385103182998,0.0946342826936295,0.10018066882513019,0.05610137047819055,0.869
2004-02-16 14:22:39,0.09101168178153525,0.0936218063645079,0.10002334200231922,0.05619810062334703,0.779
2004-02-16 14:32:39,0.091114991091273,0.09326956611291258,0.10058053826528664,0.05668481336659936,0.9530000000000001
2004-02-16 14:42:39,0.0931650645255354,0.09281437603322996,0.09740665403349166,0.055732228985177046,0.994
2004-02-16 14:52:39,0.09196030611296893,0.09315241705256334,0.09806688715090875,0.05519782339034031,0.821
2004-02-16 15:02:39,0.09220456198041548,0.0939546383754732,0.09865537297678098,0.05616380679191269,0.991
2004-02-16 15:12:39,0.09182987332434894,0.09321123078750833,0.09840096618674413,0.056072151134163244,0.813
2004-02-16 15:22:39,0.09341100455237994,0.09388151790580063,0.10137222681356596,0.055662112794801516,0.917
2004-02-16 15:32:39,0.09314935818183528,0.09361518692315124,0.09820358442613475,0.05444486711056843,0.8280000000000001
2004-02-16 15:42:39,0.09361258209954525,0.09468018020387273,0.09915316976385138,0.05627309204825898,0.925
2004-02-16 15:52:39,0.09453647609521029,0.09493626151266092,0.10178630916962962,0.05659482242909851,0.8200000000000001
2004-02-16 16:02:39,0.09488179632278164,0.09356542168325811,0.10022210929434026,0.05558674992818067,0.838
2004-02-16 16:12:39,0.09591115706125389,0.09422713763453251,0.0981955548494322,0.057445297943864285,0.903
2004-02-16 16:22:39,0.09453624651051688,0.09369124877840289,0.09809212003862618,0.056106730740392984,0.9450000000000001
2004-02-16 16:32:39,0.09484404113423364,0.09377372876787823,0.09859765097274907,0.05708606312853937,0.872
2004-02-16 16:42:39,0.09559869276613596,0.09209459380975968,0.10062861721953673,0.05639069860067205,0.889
2004-02-16 16:52:39,0.09627068466860933,0.0949145238923078,0.09930068172286315,0.05725296159438463,0.867
2004-02-16 17:02:39,0.09629343885845945,0.09325811139947661,0.09841320806418596,0.05721967930020842,0.8160000000000001
2004-02-16 17:12:39,0.09498840749583111,0.09410803844725983,0.09843763343245113,0.056903441549314086,0.974
2004-02-16 17:22:39,0.09552074356479957,0.0944117739301667,0.09937945842986276,0.05738204315770818,0.9670000000000001
2004-02-16 17:32:39,0.09492288322510002,0.09497299035244007,0.10088852599644192,0.057381782772414576,0.898
2004-02-16 17:42:39,0.09428204497096258,0.09449111002124568,0.09962179334354901,0.05695749211651675,0.9450000000000001
2004-02-16 17:52:39,0.09331646084820554,0.09301165790297278,0.09660399593831642,0.05568046611371518,0.879
2004-02-16 18:02:39,0.09846557957646129,0.09348963532960627,0.10058641510809134,0.05789081140320813,1.045
2004-02-16 18:12:39,0.09505307008620402,0.09377293026866665,0.09887744742546382,0.056760916230519695,0.867
2004-02-16 18:22:39,0.09558984315937887,0.09331405882405404,0.10030143947005946,0.05671231669782423,0.859
2004-02-16 18:32:39,0.09694473044843178,0.09405298306299091,0.10064297903239974,0.05659320558131243,1.03
2004-02-16 18:42:39,0.09651140942105159,0.09466585690147715,0.0978493700477951,0.056276088568158245,1.0110000000000001
2004-02-16 18:52:39,0.09612524026709418,0.09288313678816858,0.09678175678952107,0.05678310226753154,0.8320000000000001
2004-02-16 19:02:39,0.09615338622035581,0.09300269837105374,0.09839772485103357,0.05622769262533087,0.96
2004-02-16 19:12:39,0.09568015540681486,0.09499790062442015,0.0994323542233945,0.057431818866890555,0.882
2004-02-16 19:22:39,0.09588543375430034,0.0920210305764917,0.10063295145214232,0.05681802477606106,0.883
2004-02-16 19:32:39,0.0935912189244585,0.09387507984142918,0.09925796862689575,0.05635890672455831,0.815
2004-02-16 19:42:39,0.09780139264010566,0.09384173376538842,0.098324846004442,0.05679119082629527,1.077
2004-02-16 19:52:39,0.09710681060572396,0.09287544556378807,0.10271488123038583,0.057077051386015404,0.9299999999999999
2004-02-16 20:02:39,0.09409151883148617,0.0920377220771817,0.099181853375821,0.05642001130610656,0.871
2004-02-16 20:12:39,0.09633701373223112,0.0937685848766307,0.09833825949878496,0.05705804036858506,0.996
2004-02-16 20:22:39,0.09589212714727169,0.09241542533497324,0.09960464621128545,0.05735825004004398,0.9590000000000001
2004-02-16 20:32:39,0.09741922811159894,0.0929888048222252,0.09764619773263587,0.05623282723974459,1.04
2004-02-16 20:42:39,0.0976594566973534,0.09232049278828701,0.09983313812933275,0.05687962979095579,0.896
2004-02-16 20:52:39,0.09483689122646477,0.09425632516698677,0.09716006872722158,0.056869037290459896,0.954
2004-02-16 21:02:39,0.09751085676733828,0.09338111828390891,0.10004060967419547,0.05669897038031175,0.8939999999999999
2004-02-16 21:12:39,0.09844802225508623,0.09381573945106633,0.09782801469407786,0.056365489081307014,0.867
2004-02-16 21:22:39,0.09941949426467689,0.09297185840391924,0.09805663173566613,0.056993712389640606,0.871
2004-02-16 21:32:39,0.09837946999851092,0.0942389059079053,0.0977948399093276,0.057139507696896644,0.915
2004-02-16 21:42:39,0.09805131488951502,0.09317831527506984,0.09788177733360136,0.05660791641786355,0.8089999999999999
2004-02-16 21:52:39,0.09792751075811948,0.0940728036300225,0.09843695287546537,0.056224798608048264,0.876
2004-02-16 22:02:39,0.0972731462955461,0.09372050030668151,0.09824424755544091,0.056848713018633444,0.877
2004-02-16 22:12:39,0.09838645353035969,0.09345578938895534,0.09963149386771668,0.05653594162400093,0.855
2004-02-16 22:22:39,0.10379379699636328,0.09351430920127107,0.10143504719192735,0.05683093803183343,0.984
2004-02-16 22:32:39,0.10638649114453981,0.09269068631787351,0.09828064213842391,0.05794128855938409,0.996
2004-02-16 22:42:39,0.10502789459271537,0.09364176747175747,0.10134688940558495,0.05739989587860732,0.9550000000000001
2004-02-16 22:52:39,0.10535479352896879,0.09498428838004108,0.09876902358296107,0.058052842055346915,0.9490000000000001
2004-02-16 23:02:39,0.10627618473301845,0.0935712981730889,0.09736498714967591,0.05731569434595829,1.0470000000000002
2004-02-16 23:12:39,0.104292161878529,0.09300717981987819,0.09808813822949493,0.057329400452559645,0.892
2004-02-16 23:22:39,0.10585797070101982,0.09351709506990076,0.09837245048118,0.05886837102741865,0.999
2004-02-16 23:32:39,0.10620989914213089,0.09308487731509273,0.09889605249563359,0.056403009775354215,0.942
2004-02-16 23:42:39,0.10301590204535963,0.09357431350770229,0.09952702968878487,0.05805726480031301,1.02
2004-02-16 23:52:39,0.10596938126470942,0.09294331479791995,0.09826283685820504,0.05791963131276159,0.986
2004-02-17 00:02:39,0.10595938103673463,0.09324091019496059,0.10033874218662545,0.05780084637612871,1.057
2004-02-17 00:12:39,0.10464030419355241,0.0930606861601294,0.10050523467594108,0.057030664808641045,1.0230000000000001
2004-02-17 00:22:39,0.10564207193765995,0.09403490536888211,0.10198669035597717,0.057390042196877,0.969
2004-02-17 00:32:39,0.10435954367219658,0.09434831757534012,0.09859693710181773,0.058797316384869625,0.9570000000000001
2004-02-17 00:42:39,0.10662787171909675,0.0940010653820959,0.09754441421291664,0.05826460930329473,0.964
2004-02-17 00:52:39,0.10662177420384371,0.09372979235339005,0.09999884569646489,0.05970491483511816,0.969
2004-02-17 01:02:39,0.10470268546580075,0.09225857958917856,0.09668044071676449,0.057859323099490226,1.216
2004-02-17 01:12:39,0.10421010318327625,0.09308762620426042,0.0973093777096266,0.05779941659388718,0.9570000000000001
2004-02-17 01:22:39,0.10612328036187928,0.09329985916765034,0.09931472720127081,0.057985778748838875,1.006
2004-02-17 01:32:39,0.10685637013248674,0.09286407500094755,0.09959141357669131,0.05989260856355173,1.0110000000000001
2004-02-17 01:42:39,0.10484058257138147,0.09289633261481042,0.09727690973694149,0.057358568419144655,1.045
2004-02-17 01:52:39,0.10359935976515712,0.09239901344466392,0.09584074645807464,0.0581038725883703,0.899
2004-02-17 02:02:39,0.10616085000704904,0.09284909684620843,0.09901917773135717,0.05782372863928756,1.0250000000000001
2004-02-17 02:12:39,0.10631852845194867,0.09231654738926973,0.09781700718449525,0.05901016696034226,0.9570000000000001
2004-02-17 02:22:39,0.10491263548298056,0.0945501641718414,0.09969235734639678,0.05717788810958166,0.921
2004-02-17 02:32:39,0.10296374371365659,0.09466905941513948,0.10092580040554719,0.05739840761959861,0.957
2004-02-17 02:42:39,0.10200354165305225,0.09309714453361495,0.10154026102672473,0.05801753758966942,1.104
2004-02-17 02:52:39,0.10489127136513388,0.09376724685108091,0.09757967798003755,0.058508008516329015,0.903
2004-02-17 03:02:39,0.10283863459627106,0.09291245065290447,0.09875305177246607,0.057548724685179485,0.977
2004-02-17 03:12:39,0.10413879147860985,0.09333934068511282,0.09865987258751538,0.057450473745598245,1.0670000000000002
2004-02-17 03:22:39,0.1052710538343331,0.09471291454517122,0.1000232387548811,0.05775944271421085,1.052
2004-02-17 03:32:39,0.10531576914436488,0.09472708279496458,0.09833286328564564,0.05823778959334488,0.9650000000000001
2004-02-17 03:42:39,0.10321447893638627,0.09363475103594184,0.09798534423855043,0.05796454078383793,0.877
2004-02-17 03:52:39,0.10400314819266195,0.0938261958586043,0.10033973393941012,0.05752644517551204,0.9470000000000001
2004-02-17 04:02:39,0.10480054064895325,0.09305133910366174,0.09691920538803059,0.056756030705858274,0.969
2004-02-17 04:12:39,0.10488916094613798,0.09405709001261378,0.09779885038546748,0.05745129518435003,1.03
2004-02-17 04:22:39,0.10448049403028692,0.09318969858238248,0.09851082313832828,0.058484057322807675,1.057
2004-02-17 04:32:39,0.1053248272644285,0.09407093686208141,0.09851899900051184,0.05807027371601643,1.05
2004-02-17 04:42:39,0.10710761691664582,0.09236862054045782,0.0973841747422787,0.05774879809693515,1.07
2004-02-17 04:52:39,0.1071243110483261,0.0946727933092134,0.09911939538261945,0.05829599176830212,0.997
2004-02-17 05:02:39,0.10520757314597694,0.09214141459302311,0.09789615083166725,0.057396020114638374,1.065
2004-02-17 05:12:39,0.1051648280769455,0.09653343995371322,0.0997144915946764,0.0584545325278273,0.927
2004-02-17 05:22:39,0.10574962299541428,0.09409586954811544,0.09936806383026381,0.0583575736000422,0.9450000000000001
2004-02-17 05:32:39,0.10543929148782048,0.0943980981150289,0.09937082980636991,0.058073137564975445,1.145
2004-02-17 05:42:39,0.10669288280028218,0.09395846042351155,0.09789007382127549,0.058845363925025575,0.944
2004-02-17 05:52:39,0.10714596999756502,0.09308907838018486,0.10151185179420118,0.057587720112993325,1.028
2004-02-17 06:02:39,0.10824558011870399,0.09471749576454502,0.09915690986228781,0.05864248223477765,1.008
2004-02-17 06:12:39,0.10665302446228898,0.09424526368238778,0.09814786755834445,0.05801091458456282,1.054
2004-02-17 06:22:39,0.10575230009134479,0.09398896419593782,0.09765961319208911,0.057729395928736736,0.977
2004-02-17 06:32:39,0.10728003431076592,0.09560654642204314,0.09907076390018371,0.05853267525293527,1.074
2004-02-17 06:42:39,0.10926998574703257,0.09345174640556653,0.09825536324420342,0.0570191785169686,1.028
2004-02-17 06:52:39,0.10650088073653019,0.09323714304798396,0.0979817938884263,0.056716571497418704,0.984
2004-02-17 07:02:39,0.1097905923561867,0.09532302324079936,0.09937149929958443,0.05871943811132157,1.0979999999999999
2004-02-17 07:12:39,0.1127678235635081,0.09417079184709894,0.09965996999367908,0.0588961745362121,1.092
2004-02-17 07:22:39,0.12028870746886984,0.09476909876156026,0.09900583503558803,0.06002163875753953,1.169
2004-02-17 07:32:39,0.16689628653443564,0.09743487483434614,0.10435653303137535,0.0642497169102467,1.584
2004-02-17 07:42:39,0.17176194051356194,0.0982766940517962,0.10413650920224128,0.06458694554750383,1.75
2004-02-17 07:52:39,0.17375443592583978,0.09769273943283079,0.10059692251909559,0.06479183991469338,1.782
2004-02-17 08:02:39,0.1717791843722449,0.0980017062291697,0.10265542213326971,0.06485588666540791,1.76
2004-02-17 08:12:39,0.16911726137713773,0.0969124388341434,0.10072116571335224,0.0646698488901027,1.6669999999999998
2004-02-17 08:22:39,0.17369180469319317,0.09788073423695794,0.101441458159838,0.06308451014252107,1.6949999999999998
2004-02-17 08:32:39,0.16859953520542248,0.09799622895128268,0.10270148855763254,0.06504421535518647,1.643
2004-02-17 08:42:39,0.16686560557006777,0.09840111058546795,0.10379353519954487,0.06408002275597453,1.662
2004-02-17 08:52:39,0.17252337180324182,0.09762459812057342,0.10143902036946108,0.06447049122103256,1.526
2004-02-17 09:02:39,0.16982476952361908,0.10223454884976989,0.10308158697953354,0.06419657425816702,1.722
2004-02-17 09:12:39,0.1688369467847881,0.09682775965115986,0.10041352705694563,0.0642237231955118,1.641
2004-02-17 09:22:39,0.16849347762436695,0.09767085890729041,0.10257293470304002,0.06527773297132,1.569
2004-02-17 09:32:39,0.16950951531182593,0.09785838979425952,0.1013229566916343,0.06470379248327508,1.492
2004-02-17 09:42:39,0.16993603015753664,0.09774497769227261,0.100295888178665,0.06361571296108257,1.699
2004-02-17 09:52:39,0.16509543064755916,0.09733217075995008,0.10271514435031796,0.06489482927928458,1.601
2004-02-17 10:02:39,0.165527004913001,0.09765241642475653,0.10016349647147416,0.06416800686844408,1.592
2004-02-17 10:12:39,0.16503688256696336,0.09722120622299164,0.10133723696501476,0.0647119273775851,1.623
2004-02-17 10:22:39,0.1681014250722705,0.09723939832155411,0.1020150867748877,0.06390741823504316,1.499
2004-02-17 10:32:39,0.16409903551523722,0.097060737518208,0.10096905466528026,0.06515878067627356,1.619
2004-02-17 10:42:39,0.16516423703487454,0.09647873617125936,0.09979935167977509,0.06336461753896526,1.563
2004-02-17 10:52:39,0.1641279000600592,0.09745285719259485,0.09926178003926191,0.06442149185855009,1.553
2004-02-17 11:02:39,0.16383674542174742,0.09783957093438869,0.10119325691043389,0.06390785946934133,1.5750000000000002
2004-02-17 11:12:39,0.16321589900343578,0.09752507540131188,0.10217831954174701,0.06559460717341288,1.553
2004-02-17 11:22:39,0.16847889623499587,0.09862624464518994,0.10301008393637225,0.06486118026275871,1.634
2004-02-17 11:32:39,0.16697350674021605,0.09754133939323054,0.10110092975856957,0.0654550369737451,1.662
2004-02-17 11:42:39,0.1656380958855586,0.09827051436794706,0.10226277330821722,0.06537445364554195,1.611
2004-02-17 11:52:39,0.1641586673508472,0.09759271358119388,0.0993210083281114,0.06467841459446173,1.631
2004-02-17 12:02:39,0.16524972475984043,0.09768232476894641,0.09983663315793902,0.06359637087658249,1.682
2004-02-17 12:12:39,0.1663058489662663,0.09776120510026784,0.10097433949439062,0.06524839445163062,1.704
2004-02-17 12:22:39,0.15755117472189678,0.09786301935175004,0.10261541924866135,0.06434054941347714,1.613
2004-02-17 12:32:39,0.16212426031057076,0.09829787344509763,0.10083915366617165,0.06413469521919725,1.57
2004-02-17 12:42:39,0.15582617378202696,0.09723044117665304,0.10092470410379151,0.06385066271313256,1.526
2004-02-17 12:52:39,0.15678997088686084,0.0983743155352634,0.10147406750965192,0.06458775257897667,1.604
2004-02-17 13:02:39,0.15417651476498534,0.09796594593275933,0.10155767632776018,0.06283809180147007,1.538
2004-02-17 13:12:39,0.15502766606671664,0.09723378093182015,0.10157691315997826,0.06314709467906034,1.552
2004-02-17 13:22:39,0.1547995549000876,0.09834619525479421,0.10028735982673026,0.06479578157987494,1.545
2004-02-17 13:32:39,0.14506864670168745,0.09662535626147284,0.10122464068031911,0.06349790535423179,1.472
2004-02-17 13:42:39,0.14251295959435953,0.09536937007261413,0.10009732007565667,0.06370145286927315,1.446
2004-02-17 13:52:39,0.1480889166889055,0.0970437743527387,0.10222566135684424,0.0643684371654696,1.4500000000000002
2004-02-17 14:02:39,0.14527101457545102,0.09774301970161836,0.09941258207394907,0.06383062954082522,1.557
2004-02-17 14:12:39,0.14391643981974545,0.09723257545940617,0.10070628510363852,0.06387021332664077,1.428
2004-02-17 14:22:39,0.13972712158295933,0.09835002909331832,0.10168874317387193,0.0633729663289332,1.3900000000000001
2004-02-17 14:32:39,0.1394211169499166,0.09842147662246914,0.0991164792799061,0.06377386195574157,1.377
2004-02-17 14:42:39,0.13976357460765332,0.09805594479962523,0.10136651330459985,0.06286217058163313,1.375
2004-02-17 14:52:39,0.1424209491535998,0.09775368664123853,0.10117525308067135,0.06232716963105842,1.443
2004-02-17 15:02:39,0.13856824279089372,0.09854777132143708,0.10229177425423097,0.06368797150831336,1.491
2004-02-17 15:12:39,0.14059532065276187,0.09783259178630246,0.10230856122152782,0.06445103632979317,1.4249999999999998
2004-02-17 15:22:39,0.13447814627727372,0.09847599470532618,0.10149850435705485,0.06251204844805376,1.433
2004-02-17 15:32:39,0.14053554724361467,0.0981576015706072,0.10003927329390322,0.06374878560424176,1.367
2004-02-17 15:42:39,0.13955417347390256,0.09788793342269496,0.1022341273590939,0.06246175157771534,1.4409999999999998
2004-02-17 15:52:39,0.1350944430571499,0.09765580149897163,0.10068848540796715,0.06339908126983664,1.353
2004-02-17 16:02:39,0.135658014414925,0.09825548599108391,0.09837253461412199,0.06340289196073252,1.487
2004-02-17 16:12:39,0.13497136089451903,0.09729807039172703,0.10102531880208483,0.06333455470998786,1.484
2004-02-17 16:22:39,0.13189689984036657,0.09850073093201357,0.10271749528629959,0.06362880790422287,1.459
2004-02-17 16:32:39,0.12851723194284134,0.09651122804457628,0.100414189598167,0.06224557354367631,1.3210000000000002
2004-02-17 16:42:39,0.12589233138504716,0.09649110224523426,0.10028723275040945,0.06210311131937648,1.264
2004-02-17 16:52:39,0.12576345778664494,0.0983823980203506,0.09998020116503246,0.06269658263900312,1.3519999999999999
2004-02-17 17:02:39,0.12436039114109292,0.09897627013977423,0.10113742367095013,0.06353607412205846,1.45
2004-02-17 17:12:39,0.1227486727827311,0.09582777953223398,0.10136450628679655,0.061800859937888225,1.3210000000000002
2004-02-17 17:22:39,0.12051210248644492,0.09762511228586837,0.10117148527917394,0.06225273509930083,1.565
2004-02-17 17:32:39,0.11666324734572697,0.09792672094878674,0.1048108540978423,0.0635961854570498,1.276
2004-02-17 17:42:39,0.11792317642053904,0.09707990024330634,0.1016840172075683,0.06140422348755294,1.448
2004-02-17 17:52:39,0.11285861527156922,0.09658997561171778,0.1005429998767643,0.062218006022673675,1.206
2004-02-17 18:02:39,0.11249116241329439,0.09659858953421803,0.09926119392361235,0.06015601948007739,1.162
2004-02-17 18:12:39,0.11132827171043155,0.09704212046596869,0.10173986364014849,0.06119355418848216,1.175
2004-02-17 18:22:39,0.11111743286595108,0.09665850304519405,0.09905899343163041,0.06103952156889286,1.1989999999999998
2004-02-17 18:32:39,0.11086750498730384,0.09698444775049846,0.10229630197831134,0.06308577176835793,1.213
2004-02-17 18:42:39,0.11017193970711629,0.09811817825610712,0.10374053444208076,0.06119847841054223,1.224
2004-02-17 18:52:39,0.11003507652747237,0.09768253221333742,0.10050128919998813,0.06113769599104708,1.096
2004-02-17 19:02:39,0.1070069605194439,0.09725610269653585,0.10104396040137263,0.0624329523181164,1.101
2004-02-17 19:12:39,0.10728484578339127,0.09690446401732329,0.10025613681341583,0.06187986328741143,1.028
2004-02-17 19:22:39,0.10781778904599205,0.09791364528804958,0.10120064455814821,0.06055452290407866,1.306
2004-02-17 19:32:39,0.10573701784786559,0.09817543588361498,0.09973153832328309,0.06052132001023446,1.087
2004-02-17 19:42:39,0.10385260668859511,0.09956265620083643,0.1031201142308556,0.06076175418373254,1.169
2004-02-17 19:52:39,0.10678984226112842,0.09873316485253174,0.10164696751925137,0.06149111105095769,1.218
2004-02-17 20:02:39,0.10529752652269327,0.09881159372607988,0.10503195128633984,0.061091909339279375,1.0430000000000001
2004-02-17 20:12:39,0.10424662858007926,0.09745142845645449,0.10197486932872091,0.061644403797354023,1.009
2004-02-17 20:22:39,0.10346354326600557,0.09883118028874283,0.1035203866829366,0.06028390068368658,1.005
2004-02-17 20:32:39,0.10303147274013118,0.09799224648457695,0.10046916358779791,0.061413579397190346,1.042
2004-02-17 20:42:39,0.09932441224184417,0.09717759344606682,0.10096477161575844,0.060392229926927145,1.0150000000000001
2004-02-17 20:52:39,0.10277105523892535,0.09857881869901852,0.10027067566560935,0.061284527497132854,1.03
2004-02-17 21:02:39,0.10151048547864285,0.09958771259548234,0.100454620896081,0.06027582960661406,1.3079999999999998
2004-02-17 21:12:39,0.10050111138028363,0.09751962793218402,0.10096324894098402,0.060428487484044606,0.966
2004-02-17 21:22:39,0.09937990578496537,0.0982640942896378,0.10213947672216896,0.06077668082118823,0.871
2004-02-17 21:32:39,0.1026071065304313,0.09864695350362979,0.10243880461722832,0.06041597745655706,1.021
2004-02-17 21:42:39,0.10001234542935974,0.0983059768675891,0.1010567109987802,0.05931685804590019,0.918
2004-02-17 21:52:39,0.10276615596829722,0.09899837090279077,0.10048632063502945,0.06052537521504403,0.992
2004-02-17 22:02:39,0.10079244075466001,0.09662674971127823,0.10206096906384138,0.06037334002311627,0.952
2004-02-17 22:12:39,0.10071724420996837,0.09899175954104264,0.1052040920143455,0.060411940368295246,0.981
2004-02-17 22:22:39,0.10212575566772333,0.09780585815109583,0.1012313645080248,0.06066069543537317,1.0670000000000002
2004-02-17 22:32:39,0.10275559452911368,0.09729674477067092,0.10030183768295863,0.06016461914185409,1.1280000000000001
2004-02-17 22:42:39,0.10324720860141805,0.0977318572317599,0.10013081921682053,0.06013083432256776,0.9690000000000001
2004-02-17 22:52:39,0.10473901018200737,0.09749007236116257,0.101851661916518,0.061247222912170315,1.0250000000000001
2004-02-17 23:02:39,0.10546040777193241,0.09830017926810201,0.10216307429791059,0.0607278939171229,1.048
2004-02-17 23:12:39,0.10417618977302519,0.09730129842803546,0.10208095051959835,0.06027451564573606,1.084
2004-02-17 23:22:39,0.10512936366909661,0.09845393389605965,0.09996510572835686,0.060490264664163955,1.072
2004-02-17 23:32:39,0.10303119336706293,0.0965110411024969,0.09999361722794328,0.060113839352020984,1.125
2004-02-17 23:42:39,0.10615366979680237,0.09750544130449697,0.104316234626452,0.06012295913246206,1.079
2004-02-17 23:52:39,0.10578920644929839,0.09908416043752745,0.10080511902420833,0.06002977003966914,1.03
2004-02-18 00:02:39,0.10624512879458735,0.09855168204147226,0.10305734546881375,0.05959979321744704,1.021
2004-02-18 00:12:39,0.10636952169905058,0.09782984545684272,0.10250634626885816,0.060556254918592595,1.013
2004-02-18 00:22:39,0.10593802474980855,0.09603586671297795,0.10043708166333415,0.05993783563513915,1.0619999999999998
2004-02-18 00:32:39,0.10891404540788015,0.09768376687324866,0.1016878253202406,0.06091361591233591,1.126
2004-02-18 00:42:39,0.10742635627016672,0.09744498748492827,0.10052491067400166,0.05963819585045182,1.045
2004-02-18 00:52:39,0.10872704274567213,0.09818682740659362,0.10080440455910629,0.06018544786545622,1.094
2004-02-18 01:02:39,0.11020309132638262,0.09791961761400113,0.10299267955061676,0.06040020177946399,1.052
2004-02-18 01:12:39,0.10984870721388978,0.09828953512375607,0.1029242622502878,0.061910031513100275,1.1280000000000001
2004-02-18 01:22:39,0.10855998823195528,0.09687040210863097,0.10182899507645961,0.05937456866619601,0.9670000000000001
2004-02-18 01:32:39,0.1097143857274296,0.0971861138365794,0.10101354478716719,0.059248964917118584,0.981
2004-02-18 01:42:39,0.11021514449553792,0.0962876466047034,0.1013284225612455,0.05872512688231262,1.013
2004-02-18 01:52:39,0.10842924185053472,0.09828338357183507,0.10334510955977667,0.0604282054803722,1.17
2004-02-18 02:02:39,0.10878737571627875,0.09697353985310107,0.1016862568109338,0.05918968861449773,1.0030000000000001
2004-02-18 02:12:39,0.10945516459555965,0.09760834975250142,0.10377837643756067,0.059722285347995986,0.976
2004-02-18 02:22:39,0.1102251037029615,0.09704573588528198,0.10253507950597822,0.05948587058140846,1.0230000000000001
2004-02-18 02:32:39,0.1100723627838912,0.09963554533664966,0.10288405279883181,0.05946809067553543,1.142
2004-02-18 02:42:39,0.11049097592889291,0.09889520623572488,0.10216876261699519,0.060944847714064956,1.1179999999999999
2004-02-18 02:52:39,0.11108235613161274,0.09789070356142293,0.1006702370656776,0.059036936432044156,1.128
2004-02-18 03:02:39,0.111810970241773,0.09888255023124491,0.10296686526158451,0.06025036063818379,1.018
2004-02-18 03:12:39,0.11377855346468431,0.09871752630612435,0.10118054354755422,0.06039670853898969,1.275
2004-02-18 03:22:39,0.11121312854577,0.09814450318718675,0.10074085600370754,0.06018157827176998,1.162
2004-02-18 03:32:39,0.11279849657720853,0.09930145494945439,0.10399140401675241,0.060034309851741796,1.091
2004-02-18 03:42:39,0.13760685088379887,0.09896345773464658,0.10358456548652228,0.060879668872549086,1.27
2004-02-18 03:52:39,0.13716050862749457,0.09959450869455465,0.10367453486603094,0.061696745286167365,1.3199999999999998
2004-02-18 04:02:39,0.13582555879463504,0.10013948645787649,0.10435238480669265,0.06254289855895902,1.428
2004-02-18 04:12:39,0.14128292273948817,0.10231102434794308,0.10414035516656908,0.06158937468605059,1.338
2004-02-18 04:22:39,0.13924398463078763,0.09884179648520226,0.10292534342114072,0.06107204697629656,1.37
2004-02-18 04:32:39,0.14149214397499388,0.1014805142645174,0.10497202380277502,0.06234967586185257,1.292
2004-02-18 04:42:39,0.14546151415274455,0.09948547981167756,0.10486755411589588,0.06316765614777135,1.5070000000000001
2004-02-18 04:52:39,0.1422660970955913,0.1011293358928326,0.10528017632652491,0.06178534974700176,1.304
2004-02-18 05:02:39,0.14848516833287845,0.10026334197572358,0.10264506788413097,0.0627002709293139,1.3639999999999999
2004-02-18 05:12:39,0.14734120640036633,0.10118376064353926,0.10397754415016962,0.0626863347349323,1.3940000000000001
2004-02-18 05:22:39,0.15020731831892284,0.10007888538938478,0.10309434274420574,0.06285914856720333,1.391
2004-02-18 05:32:39,0.15236047087724966,0.09972861294650955,0.10585662634808093,0.06130706684642866,1.44
2004-02-18 05:42:39,0.15797473112440397,0.09972532858862793,0.10557545574360162,0.0628642168934358,1.5550000000000002
2004-02-18 05:52:39,0.15642608499978172,0.10072575216119214,0.10442341925201305,0.06299819565868478,1.56
2004-02-18 06:02:39,0.15855086181175346,0.10231825064016117,0.10426918335566185,0.06360781747049118,1.514
2004-02-18 06:12:39,0.16185369038067549,0.10100449039561808,0.10456727845103696,0.0635582778833722,1.4140000000000001
2004-02-18 06:22:39,0.16324842971583953,0.10213356231318683,0.10459622420139233,0.06308433947279389,1.584
2004-02-18 06:32:39,0.16117788570347802,0.10116742726710083,0.1076786338304596,0.06486823972785621,1.673
2004-02-18 06:42:39,0.16386026151185737,0.10219494430071081,0.10488197375130348,0.06330607152087564,1.4969999999999999
2004-02-18 06:52:39,0.164140735661552,0.10162436313030941,0.10564900892075568,0.06390162307516617,1.487
2004-02-18 07:02:39,0.1652286817872615,0.10338824969880088,0.10429441991492674,0.06424628249520047,1.5350000000000001
2004-02-18 07:12:39,0.1666570303692113,0.10208670894185284,0.10538059440776944,0.06376762853688968,1.724
2004-02-18 07:22:39,0.16765877706622992,0.10279294124370426,0.10575382630119887,0.06528250432614945,1.604
2004-02-18 07:32:39,0.16649171030297408,0.10103410745456685,0.10489182136588865,0.06481384626735803,1.682
2004-02-18 07:42:39,0.16421813585160994,0.10003457629779064,0.1063559572776151,0.06312559753739434,1.572
2004-02-18 07:52:39,0.1702835500051136,0.10184506342164937,0.10627243237459527,0.06451824778211974,1.516
2004-02-18 08:02:39,0.1736250683382704,0.10353858566111279,0.10476675101930501,0.06513841445037913,1.694
2004-02-18 08:12:39,0.17298654888097623,0.10164753555485433,0.10585368481017102,0.06488703073659997,1.499
2004-02-18 08:22:39,0.17329413613041725,0.1028669268456693,0.10626656212827668,0.06573763288218608,1.665
2004-02-18 08:32:39,0.1684884876155769,0.1020841275213599,0.10812337449103482,0.06469622752115248,1.591
2004-02-18 08:42:39,0.1629254003646583,0.10207626471594565,0.10458972673021176,0.06374877641288966,1.48
2004-02-18 08:52:39,0.16105745377960085,0.10135457610614622,0.10561073059124243,0.06451326890829796,1.404
2004-02-18 09:02:39,0.16325168287919867,0.10210787082863204,0.10521112795380956,0.06473797245917552,1.509
2004-02-18 09:12:39,0.16558045303048718,0.10367823878358472,0.10678196585764053,0.06595632432716354,1.506
2004-02-18 09:22:39,0.17137651092286252,0.1030488963979165,0.10662278880144394,0.06487256626275523,1.558
2004-02-18 09:32:39,0.1615881583228054,0.10167463905302451,0.10507862685753946,0.0652771409220187,1.5259999999999998
2004-02-18 09:42:39,0.16048599895123186,0.10085834405941119,0.10605886047269227,0.06470046858227235,1.557
2004-02-18 09:52:39,0.1626412782795022,0.10152703347084922,0.10557206837556095,0.06483377897735378,1.5550000000000002
2004-02-18 10:02:39,0.15967097287884838,0.1016228272753609,0.10633870768423677,0.0647977860437519,1.587
2004-02-18 10:12:39,0.16523961989311722,0.10420530202779256,0.10811281768438308,0.06531158903371855,1.506
2004-02-18 10:22:39,0.163523100193443,0.10167927661509524,0.1045141468164286,0.06421928337673846,1.478
2004-02-18 10:32:39,0.1618130805802634,0.10227194355957811,0.1059349181562246,0.06486163571102226,1.447
2004-02-18 10:42:39,0.1601438847360678,0.10125439202472745,0.10437983404786476,0.06362880636944228,1.5990000000000002
2004-02-18 10:52:39,0.15362154742738393,0.10282437288968313,0.10591788811828655,0.06507993469872747,1.553
2004-02-18 11:02:39,0.15118382914621598,0.10032553458928278,0.10775322623324259,0.0636869817201675,1.521
2004-02-18 11:12:39,0.14981626670535747,0.1010974190311799,0.10579487403033384,0.06368231777861255,1.591
2004-02-18 11:22:39,0.1493351950756446,0.10156423796590057,0.10556164196291515,0.06542790865119211,1.6429999999999998
2004-02-18 11:32:39,0.14981858169758072,0.10211447959696862,0.10704538729626133,0.06412816527884765,1.572
2004-02-18 11:42:39,0.14986298136495732,0.1012267124550309,0.10635503057823485,0.06471583052625626,1.572
2004-02-18 11:52:39,0.16718367533592557,0.10372376786220018,0.10760341909429105,0.06747466755545198,1.689
2004-02-18 12:02:39,0.1699991703506875,0.10334955263230344,0.10739963701638114,0.06627456281093984,1.724
2004-02-18 12:12:39,0.1603672281096183,0.10487106271475594,0.10904663141182325,0.06704971518687154,1.7970000000000002
2004-02-18 12:22:39,0.15942843007571067,0.10464218515523689,0.10787072205089562,0.0683906796178673,1.668
2004-02-18 12:32:39,0.15939881317194524,0.1039525538275322,0.10823523214977672,0.06743122509036505,1.624
2004-02-18 12:42:39,0.1543721764038318,0.10496034430656888,0.11001673501073468,0.06729447733423219,1.5699999999999998
2004-02-18 12:52:39,0.15021853563147686,0.10534650137314931,0.10835955884988184,0.06703389964168777,1.499
2004-02-18 13:02:39,0.15378793961521642,0.1055174077574129,0.10952942580506828,0.06700202087087542,1.7349999999999999
2004-02-18 13:12:39,0.15559491551581842,0.10551403958160468,0.1102442799855468,0.06827930238927178,1.584
2004-02-18 13:22:39,0.15190021604581533,0.10556999191701989,0.10917646691359284,0.0677733588796373,1.714
2004-02-18 13:32:39,0.15023832271854234,0.10690322658140862,0.10902874320885994,0.06812220751157438,1.565
2004-02-18 13:42:39,0.15197789499268016,0.10715204861988371,0.10844385675712456,0.06838898680069015,1.558
2004-02-18 13:52:39,0.1554629642453556,0.10667604448421032,0.10912004324545979,0.06826972335488943,1.795
2004-02-18 14:02:39,0.15592530873561344,0.1080872502292005,0.11131765104238463,0.06809130832588858,1.5030000000000001
2004-02-18 14:12:39,0.15534268396963655,0.1070145646209708,0.10825913960767554,0.06959945355781812,1.8279999999999998
2004-02-18 14:22:39,0.15443912888659292,0.10896717897491136,0.11309983361297068,0.06961460803842641,1.684
2004-02-18 14:32:39,0.1553537588243655,0.10708662550163983,0.11067331880852802,0.06841530640427362,1.643
2004-02-18 14:42:39,0.16366563770931503,0.1086717808680413,0.11222279280346636,0.07143642209926085,1.763
2004-02-18 14:52:39,0.15624639339587446,0.10909824561956051,0.10976504270308349,0.06939969225548653,1.787
2004-02-18 15:02:39,0.14538745983255352,0.10763862042697438,0.11142897099126559,0.06764047593249915,1.609
2004-02-18 15:12:39,0.13575110964383028,0.11023950887230333,0.11367834732432949,0.0697778187831966,1.462
2004-02-18 15:22:39,0.13196586620694767,0.11090082470352644,0.11415581991604051,0.0686110723429307,1.411
2004-02-18 15:32:39,0.12557964588633633,0.10832684105145816,0.11267077727935806,0.06915510194483124,1.2229999999999999
2004-02-18 15:42:39,0.12250529265511627,0.1118254106227109,0.11492958803144827,0.06846591091215556,1.291
2004-02-18 15:52:39,0.12193231444797897,0.1105492387114801,0.11515776839229742,0.06870904213204482,1.123
2004-02-18 16:02:39,0.11888064914120638,0.1113497878046518,0.113165686959778,0.06782830173036165,1.115
2004-02-18 16:12:39,0.12123167830323475,0.11299711780754788,0.11599147265431153,0.06794772411855017,1.123
2004-02-18 16:22:39,0.12019822474738151,0.11095231481185844,0.11511956314354098,0.06777017580407778,1.194
2004-02-18 16:32:39,0.12071113848803781,0.11053585589958359,0.11622365145788308,0.06756706665302063,1.184
2004-02-18 16:42:39,0.1260182390847901,0.11521119491435781,0.11711971935634799,0.06909878854310707,1.13
2004-02-18 16:52:39,0.12889697940149003,0.11300998663869709,0.1167373991543773,0.06892591874897712,1.2970000000000002
2004-02-18 17:02:39,0.14386658265043853,0.11603629024704845,0.11935319929369652,0.06956865321224524,1.3479999999999999
2004-02-18 17:12:39,0.1530643899497949,0.11488283901096395,0.11891001657142188,0.06838030465311716,1.294
2004-02-18 17:22:39,0.16624198964489606,0.11759020868139715,0.11913526955176701,0.07001354430907451,1.611
2004-02-18 17:32:39,0.1754550098972591,0.11907009982306727,0.12167161876337527,0.07182240195005331,1.48
2004-02-18 17:42:39,0.18285186194832548,0.11794790399426697,0.12282190147698442,0.06992098986869923,1.78
2004-02-18 17:52:39,0.1830478103635956,0.11937973035457668,0.1243394095592035,0.0717145215937601,1.47
2004-02-18 18:02:39,0.1843409130301729,0.11644586280690244,0.12050231414725561,0.07141366755784545,1.5030000000000001
2004-02-18 18:12:39,0.1736957100996782,0.11746041387686842,0.12244059066415718,0.07086054746824924,1.4969999999999999
2004-02-18 18:22:39,0.16510211595072383,0.11688586868748703,0.12248585855875399,0.06975803185162613,1.396
2004-02-18 18:32:39,0.17317741069831302,0.12060983348630372,0.12704489490831866,0.07126679558071747,1.492
2004-02-18 18:42:39,0.17769195249214,0.11871828482733393,0.1243775627876674,0.07010025465806109,1.6920000000000002
2004-02-18 18:52:39,0.17655439431062278,0.11935326904627087,0.12393202837140246,0.07212591968921915,1.552
2004-02-18 19:02:39,0.19303768417012895,0.12199432559965964,0.1264812088470316,0.073415808299052,1.772
2004-02-18 19:12:39,0.17691763882590933,0.12301562361075893,0.12941833324714364,0.0736386404358091,1.385
2004-02-18 19:22:39,0.1710150259811354,0.12082427819429395,0.1278421939834424,0.07574778771521998,1.5950000000000002
2004-02-18 19:32:39,0.17515580745372425,0.12112257136851926,0.12685690892417745,0.0754986751616998,1.6360000000000001
2004-02-18 19:42:39,0.16993852734495513,0.12341745743138728,0.1294077317441129,0.0769631735190605,1.8330000000000002
2004-02-18 19:52:39,0.175521273583772,0.12582173882496472,0.12943072490266042,0.07766078426148794,1.746
2004-02-18 20:02:39,0.16959605990457616,0.12586788204490018,0.1330782159944506,0.07952599166064743,1.621
2004-02-18 20:12:39,0.1845981164573738,0.12801402224982308,0.13433679362368955,0.08292028422018545,1.762
2004-02-18 20:22:39,0.17965330544203906,0.12767232303953974,0.13491285580740395,0.08420704464109655,1.8090000000000002
2004-02-18 20:32:39,0.1715689192218954,0.12962774602322835,0.1337111372058834,0.08215667999840003,1.7429999999999999
2004-02-18 20:42:39,0.16924480048212645,0.130412027714687,0.1378014977538456,0.08237013423366477,1.658
2004-02-18 20:52:39,0.1579695922949847,0.13071375759950174,0.13785713562870036,0.0810528316805625,1.4020000000000001
2004-02-18 21:02:39,0.15092901114845303,0.12865657202564795,0.13801231616802268,0.07899702266442561,1.3599999999999999
2004-02-18 21:12:39,0.15833527412804402,0.12905296953310516,0.13856585383711728,0.08090627534762104,1.343
2004-02-18 21:22:39,0.1705056983331138,0.13071961865447673,0.139588590891345,0.08242731824443181,1.4089999999999998
2004-02-18 21:32:39,0.1677026281379491,0.1264757582765992,0.13784809613274288,0.07707262358737152,1.35
2004-02-18 21:42:39,0.17962051482418048,0.1268567268629882,0.13699885075219348,0.08004548237125518,1.674
2004-02-18 21:52:39,0.19204555988179897,0.13022061133778928,0.1415823716737007,0.08059037834649552,1.782
2004-02-18 22:02:39,0.19999621285477165,0.129967157998485,0.1428238230604179,0.08098863159274745,1.701
2004-02-18 22:12:39,0.22445728524686426,0.13018092465692205,0.1434247126312594,0.0824191815318201,1.9939999999999998
2004-02-18 22:22:39,0.2659295177268537,0.1336576108330302,0.1418505043211758,0.08918987410338923,2.38
2004-02-18 22:32:39,0.20115811275741893,0.13302817066115433,0.1437263917434571,0.08456276272594157,2.033
2004-02-18 22:42:39,0.19690958785954657,0.13088142575408454,0.14653993429693488,0.08850099421228415,1.865
2004-02-18 22:52:39,0.19559759904445212,0.13404979998848648,0.14881775045861417,0.08980250248810022,1.787
2004-02-18 23:02:39,0.16647280153930255,0.13041200000802816,0.14505850281276625,0.08470963185208497,1.433
2004-02-18 23:12:39,0.16240046470838737,0.13219226480035384,0.14661370174394514,0.08533190398608725,1.4820000000000002
2004-02-18 23:22:39,0.17006932323917714,0.13303875672530766,0.14636688104618342,0.08844842164230993,1.541
2004-02-18 23:32:39,0.16308295465086664,0.1339275859971189,0.1481273864193307,0.08715754861886732,1.416
2004-02-18 23:42:39,0.19798816462121926,0.13530528163483233,0.15035234675198153,0.0886240994643081,1.6429999999999998
2004-02-18 23:52:39,0.18847632684571022,0.13394255961920315,0.15039000844029465,0.0866609286399272,1.589
2004-02-19 00:02:39,0.21543727935965976,0.13569316277479931,0.15055846105520754,0.08968323160574783,2.073
2004-02-19 00:12:39,0.18385103886622015,0.13892919365493145,0.156490091164944,0.08900262296433453,1.7309999999999999
2004-02-19 00:22:39,0.1638758217704418,0.1363282159741813,0.15566464887750248,0.08695627240485342,1.4209999999999998
2004-02-19 00:32:39,0.158321338241495,0.1288585843691646,0.15023557039305993,0.08497311816419983,1.343
2004-02-19 00:42:39,0.16120348893169129,0.12696804969964393,0.14824818947829918,0.08395177448662591,1.362
2004-02-19 00:52:39,0.1829362166849435,0.13576413244374663,0.15130328719759112,0.09242641525196325,1.5870000000000002
2004-02-19 01:02:39,0.21442471646991815,0.1429469479619643,0.15408566350968148,0.09952418219607348,1.992
2004-02-19 01:12:39,0.23728752594838162,0.1439332960130205,0.1523976859650429,0.10138030412488137,2.377
2004-02-19 01:22:39,0.1987598395756201,0.13207541569000467,0.14433725054375646,0.09233229915255627,1.452
2004-02-19 01:32:39,0.23614345563793548,0.1364428976042381,0.14443579466080014,0.09543659416523473,1.799
2004-02-19 01:42:39,0.2029883943293886,0.1218477140929925,0.1351908992796735,0.08991959298798716,1.587
2004-02-19 01:52:39,0.22104190215831787,0.12189188484799562,0.12663421579247527,0.09400450091036365,1.814
2004-02-19 02:02:39,0.20722116595824663,0.12071105030615789,0.12165609888733317,0.089167613683884,1.489
2004-02-19 02:12:39,0.2615312065920326,0.13503415149625098,0.12738028731972775,0.0995338000065824,2.058
2004-02-19 02:22:39,0.20162263674122902,0.12770529084025387,0.12214001195157752,0.09108456375207882,1.538
2004-02-19 02:32:39,0.2228994363838448,0.15857807357866874,0.14862841653321865,0.10179111001519434,1.9529999999999998
2004-02-19 02:42:39,0.25924244834032084,0.17232651347396988,0.1639220791927534,0.11069233164567709,2.368
2004-02-19 02:52:39,0.23166564493882758,0.17789018280577665,0.18336271061090653,0.10630193124274763,1.948
2004-02-19 03:02:39,0.23457642022127773,0.13942110854462714,0.16490136137817488,0.09584180691705116,1.9949999999999999
2004-02-19 03:12:39,0.24749721490699317,0.1402074972501696,0.15023669752494873,0.09154305334231906,1.936
2004-02-19 03:22:39,0.29718810060073114,0.17051667062471593,0.16443255497838333,0.10866402335043324,2.271
2004-02-19 03:32:39,0.2916511123549663,0.17679223963764484,0.16391807884509182,0.11001347906585023,2.192
2004-02-19 03:42:39,0.34373551617213555,0.17538333810029916,0.16106174315281033,0.1169733157254126,2.385
2004-02-19 03:52:39,0.31481113788914966,0.14647182746260162,0.15001939653237303,0.10939108140706291,2.1109999999999998
2004-02-19 04:02:39,0.3257155681690011,0.14836215884038978,0.1561052226139262,0.11879107328329441,3.9399999999999995
2004-02-19 04:12:39,0.35309010723627604,0.1842198495779339,0.18384502166822056,0.13417685445517166,4.556
2004-02-19 04:22:39,0.42967844791601856,0.19095216302638268,0.187381837115715,0.14244427621414535,6.609
2004-02-19 04:32:39,0.41556983063122255,0.1628125970189252,0.1553994002047122,0.127833921455181,4.8
2004-02-19 04:42:39,0.37168108658761956,0.13659868656716645,0.12074348374627768,0.11741531668311883,6.689
2004-02-19 04:52:39,0.4476727901067435,0.19085699804087056,0.16521276011106348,0.12991002971407756,5.193
2004-02-19 05:02:39,0.6721374879698172,0.1910746474507767,0.17617853438078998,0.12464481608065937,9.998000000000001
2004-02-19 05:12:39,0.5309561289679944,0.1710746106589452,0.16042634800669633,0.1468942429216183,8.347000000000001
2004-02-19 05:22:39,0.4459182473835453,0.17319634233449469,0.14947759862345353,0.14642027013980088,5.869
2004-02-19 05:32:39,0.3869748318159543,0.1767019242100431,0.13940902734147753,0.14339898618289174,3.894
2004-02-19 05:42:39,0.7250014697250708,0.21829447570885027,0.1705767793296758,0.14835112421106675,9.998000000000001
2004-02-19 05:52:39,0.46201166565274254,0.17081688529176933,0.17787780654848623,0.11662979918783209,5.569
2004-02-19 06:02:39,0.48383539535148185,0.1936410931316486,0.18740544816507881,0.13058233846558515,7.197
2004-02-19 06:12:39,0.0021030112339215853,0.004017825272691032,0.003950171821816733,0.0021536669310737964,0.005
2004-02-19 06:22:39,0.0015327320633837277,0.0012386989141838032,0.0011971034377300598,0.0021241036712575613,0.007
